"title","subtitle","authors","categories","description","published_year","num_pages","average_rating","ratings_count","thumbnail","quantity"
"The Declaration of Independence of the United States of America","","Thomas Jefferson","American Revolutionary War, Essays, Letters & Speeches, History - American","""The Declaration of Independence of the United States of America"" by Thomas Jefferson is a founding document adopted in 1776. Written primarily by Jefferson between June 11 and June 28, it formally explains why the Thirteen Colonies declared independence from British rule. The document lists 27 grievances against King George III and asserts natural rights including life, liberty, and the pursuit of happiness. Its ratification on July 4, 1776, marked an act of treason against the Crown, transforming colonial delegates into America's Founding Fathers.",1776,260,4.8,4031,"https://www.gutenberg.org/cache/epub/1/pg1.cover.medium.jpg",3
"The United States Bill of Rights","The Ten Original Amendments to the Constitution of the United States","James Madison, Founding Fathers","American Revolutionary War, History - American, Law & Criminology","""The United States Bill of Rights"" by United States comprises the first ten amendments to the Constitution, proposed in 1789 and ratified in 1791. Born from fierce debate over constitutional ratification, these amendments address Anti-Federalist objections by guaranteeing personal freedoms including speech, religion, and assembly. Championed by James Madison, who initially opposed such enumeration, the Bill of Rights explicitly limits federal power while reserving unenumerated rights to states and citizens—establishing foundational protections that would later extend beyond federal governance.",1789,507,4.7,2163,"https://www.gutenberg.org/cache/epub/2/pg2.cover.medium.jpg",8
"John F. Kennedy's Inaugural Address","","John F. Kennedy","Essays, Letters & Speeches, History - American, Politics","""John F. Kennedy's Inaugural Address"" by John F. Kennedy is a historical speech that was delivered during the early 1960s, a significant time during the Cold War. This address marks the transition of power within the U.S. government and encapsulates themes of freedom, responsibility, and unity in the face of global challenges. The likely topic of the book revolves around the ideals of democracy and international cooperation, as well as a call to action for both citizens and nations. In this powerful address, Kennedy emphasizes the importance of freedom, urging citizens to recognize their role in fostering and protecting liberty. He speaks to the challenges faced by humanity—tyranny, poverty, disease, and war—and calls for a collaborative effort among nations towards a better future. He offers a solemn pledge of support to allies and a commitment to assist oppressed peoples, emphasizing that true progress can be achieved through mutual cooperation and sacrifice. The address culminates in the famous call to action, asking individuals not what their country can do for them, but what they can do for their country, creating a shared sense of purpose among all citizens of the world.",1963,194,4.3,1500,"https://www.gutenberg.org/cache/epub/3/pg3.cover.medium.jpg",6
"Lincoln's Gettysburg Address","Given November 19, 1863 on the battlefield near Gettysburg, Pennsylvania, USA","Abraham Lincoln","Essays, Letters & Speeches, History - American, History - Modern (1750+)","""Lincoln's Gettysburg Address"" by Abraham Lincoln is a speech delivered on November 19, 1863, at the dedication of Soldiers' National Cemetery in Gettysburg, Pennsylvania. Following the Civil War's deadliest battle, Lincoln spoke for less than two minutes before 15,000 people, delivering only 271 words. He invoked the Declaration of Independence and honored those who died defending the nation's founding principles, closing with his famous vision of ""government of the people, by the people, for the people.""",1863,538,4.0,1664,"https://www.gutenberg.org/cache/epub/4/pg4.cover.medium.jpg",4
"The United States Constitution","","James Madison, Founding Fathers","American Revolutionary War, History - American, Law & Criminology","""The United States Constitution"" by United States is a foundational document drafted in 1787 and operational since 1789. Born from the failures of the Articles of Confederation, it establishes the supreme law of America through seven original articles defining federal government structure. Influenced by Enlightenment philosophy and English common law, it separates power among legislative, executive, and judicial branches. Twenty-seven amendments have since expanded individual rights and modified governmental processes, making it the world's oldest written national constitution still in force.",1787,196,4.2,2738,"https://www.gutenberg.org/cache/epub/5/pg5.cover.medium.jpg",4
"Give Me Liberty or Give Me Death","","Patrick Henry","American Revolutionary War, Essays, Letters & Speeches, History - American","""Give Me Liberty or Give Me Death"" by Patrick Henry is a historic speech delivered in 1775, which serves as an impassioned call to arms during the American Revolution. The text falls within the genre of oratory, representing the fervent political discourse of the time. This pivotal moment reflects the prelude to conflict between the American colonies and British rule, highlighting the serious issues surrounding freedom and tyranny. In his speech, Henry passionately argues for the necessity of fighting against British oppression, cautioning his fellow countrymen against the false hope of reconciliation. He emphasizes the futility of peaceful negotiations and presents the situation as a stark choice between liberty and slavery. By invoking powerful imagery and appeals to human experience, he urges his audience to recognize the immediacy of the threat and the need for an armed response. The concluding declaration—""Give me liberty or give me death!""—serves as a rallying cry for those seeking independence, encapsulating the determination and urgency of the revolutionary spirit.",1775,522,4.7,1500,"https://www.gutenberg.org/cache/epub/6/pg6.cover.medium.jpg",7
"The Mayflower Compact","","Pilgrims of Plymouth Colony","History - American, History - Early Modern (c. 1450-1750), History - Religious","""The Mayflower Compact"" is a governing document written in 1620 by men aboard the Mayflower. Forced off course to Cape Cod instead of Virginia, the passengers faced potential mutiny from those claiming freedom from agreed-upon authority. To maintain order, forty-one men signed this covenant, creating a civil government based on majority rule while pledging loyalty to the English Crown. It became Plymouth Colony's founding document and an early example of self-governance in America.",1620,240,4.8,1414,"https://www.gutenberg.org/cache/epub/7/pg7.cover.medium.jpg",6
"Abraham Lincoln's Second Inaugural Address","","Abraham Lincoln","Essays, Letters & Speeches, History - American, History - Modern (1750+)","""Abraham Lincoln's Second Inaugural Address"" by Abraham Lincoln is a speech delivered on March 4, 1865, as the Civil War neared its end. Rather than celebrating impending victory, Lincoln spoke with somber reflection on the war's meaning and divine purpose. He identified slavery as the war's cause and suggested the conflict might be God's punishment for the nation's sins. The address contemplates unknowable divine will and calls for reconciliation, urging Americans to ""bind up the nation's wounds"" without harsh treatment of the defeated South.",1865,287,4.3,1414,"https://www.gutenberg.org/cache/epub/8/pg8.cover.medium.jpg",9
"Abraham Lincoln's First Inaugural Address","","Abraham Lincoln","Essays, Letters & Speeches, History - American, Politics","""Abraham Lincoln's First Inaugural Address"" by Abraham Lincoln is a historical document delivered as a speech on March 4, 1861. This address takes place during a tumultuous period in American history, specifically the lead-up to the Civil War. In this speech, Lincoln aims to reassure a divided nation, emphasizing the importance of the Union and the continuity of the Constitution while addressing the contentious issues surrounding slavery. In his address, Lincoln acknowledges the fears of Southern states regarding the protection of their rights and property, particularly concerning slavery. He firmly asserts that he has no intention to interfere with the institution of slavery where it already exists and advocates for the peaceful resolution of conflicts. Lincoln discusses the nature of the Union, arguing that it is perpetual and cannot be dissolved by individual states. By appealing to unity, he calls for patience and a commitment to dialogue while reminding listeners that civil war would only arise from aggression. The address ends on a hopeful note, urging Americans to recognize their shared bonds and to seek reconciliation rather than division, famously invoking ""the better angels of our nature.""",1865,447,4.1,923,"https://www.gutenberg.org/cache/epub/9/pg9.cover.medium.jpg",7
"The King James Version of the Bible","","Various Authors","Classics Of Literature, Religion/Spirituality, Bible","""The King James Version of the Bible"" is an English translation of the Christian Bible commissioned in 1604 and published in 1611 under King James VI and I. This translation for the Church of England contains 80 books and was created to address controversies surrounding existing versions. Celebrated for its majestic style, it has profoundly shaped English literature, Christian thought, and everyday speech for over four centuries. The translation became the unchallenged standard in English Protestant churches and remains one of the most widely read versions today.",1604,155,4.7,13638,"https://www.gutenberg.org/cache/epub/10/pg10.cover.medium.jpg",4
"Alice's Adventures in Wonderland","","Lewis Carroll","British Literature, Children & Young Adult Reading, Classics Of Literature","""Alice's Adventures in Wonderland"" by Lewis Carroll is a children's novel published in 1865. When a curious girl named Alice spots a White Rabbit with a pocket watch, she tumbles down a rabbit hole into an extraordinary fantasy world filled with peculiar anthropomorphic creatures. This pioneering work of literary nonsense plays with logic and language, creating a whimsical tale that delights both children and adults. Illustrated by John Tenniel, it helped transform children's literature from didactic instruction to pure entertainment.",1865,278,4.3,25000,"https://www.gutenberg.org/cache/epub/11/pg11.cover.medium.jpg",6
"Through the Looking-Glass","","Lewis Carroll","Best Books Ever Listings, British Literature, Children & Young Adult Reading","""Through the Looking-Glass"" by Lewis Carroll is a novel published in 1871. When Alice climbs through a mirror into a fantastical world, she discovers everything is reversed—including logic itself. In this chess-themed realm, running keeps you stationary, walking away brings you closer, and nursery-rhyme characters come alive. Alice encounters peculiar beings including the severe Red Queen, quarrelsome twins Tweedledum and Tweedledee, and the opinionated Humpty Dumpty. Like its beloved predecessor, this sequel blends absurdist adventure with unforgettable imagery and phrases that remain part of our language today.",1871,486,4.1,10296,"https://www.gutenberg.org/cache/epub/12/pg12.cover.medium.jpg",7
"The Hunting of the Snark","An Agony in Eight Fits","Lewis Carroll","British Literature, Classics Of Literature, Humour","""The Hunting of the Snark: An Agony in Eight Fits"" by Lewis Carroll is a nonsense poem written between 1874 and 1876. A crew of ten peculiar characters embarks on an absurd quest to hunt the mysterious Snark, guided only by a blank map. Their journey becomes increasingly strange as they encounter fantastical creatures and face a terrifying possibility: the Snark might actually be a deadly Boojum. When one crew member finally discovers their quarry, he vanishes without a trace, confirming their darkest fears.",1898,238,4.6,2273,"https://www.gutenberg.org/cache/epub/13/pg13.cover.medium.jpg",5
"The 1990 CIA World Factbook","","U.S. Central Intelligence Agency","Cia World Factbooks, Economics, Encyclopedias/Dictionaries/Reference","""The 1990 CIA World Factbook"" by the United States Central Intelligence Agency is an information-rich reference book produced for governmental use, published in the late 20th century. It provides detailed statistics and descriptions of countries and territories, including geographical data, demographic information, economic indicators, and political structures, organized for all 249 recognized entities during that period. The beginning of the publication outlines the structure and purpose of the factbook, specifically catering to the needs of U.S. government officials. The introductory sections explain the format and content adjustments made since previous editions, laying a foundation for understanding each included nation's unique features. For instance, the facts provided for countries like Afghanistan, Albania, and Algeria introduce vital statistics about their geography, populations, economies, and government types, highlighting historical contexts such as Afghanistan's civil war and Algeria's reliance on oil exports. This serves as a fundamental resource for policy-making and research related to international relations and comparative studies in the political and economic landscape.",1990,515,4.1,2152,"https://www.gutenberg.org/files/14/cover.jpg",2
"Moby-Dick","or, The Whale","Herman Melville","Adventure, Best Books Ever Listings, American Literature","""Moby-Dick; or, The Whale"" by Herman Melville is an epic novel published in 1851. Sailor Ishmael narrates the obsessive quest of Captain Ahab, who commands the whaling ship Pequod in pursuit of Moby Dick, the white whale that destroyed his leg. Driven by vengeance, Ahab leads his diverse crew across the world's oceans, hunting the legendary creature. This tale of obsession explores themes of good and evil, fate, and humanity's struggle against nature's overwhelming power.",1851,125,4.8,2760,"https://www.gutenberg.org/cache/epub/15/pg15.cover.medium.jpg",4
"Peter Pan","$b [Peter and Wendy]","J. M. Barrie","Adventure, British Literature, Children & Young Adult Reading","""Peter Pan: [Peter and Wendy]"" by J. M. Barrie is a work that began as a play in 1904 and became a novel in 1911. It tells the story of Peter Pan, a mischievous boy who can fly and never grows up. He whisks Wendy Darling and her brothers away to Neverland, a magical island inhabited by mermaids, fairies, and pirates. There, they encounter the Lost Boys and face off against the villainous Captain Hook, all while navigating adventures that blur the line between childhood wonder and danger.",1904,184,4.7,25000,"https://www.gutenberg.org/cache/epub/16/pg16.cover.medium.jpg",4
"The Book of Mormon","$b an account written by the hand of Mormon, upon plates taken from the plates of Nephi","Joseph Smith, Jr., Church of Jesus Christ of Latter-day Saints","Mythology, Legends & Folklore, Religion/Spirituality, Christianity","""The Book of Mormon: an account written by the hand of Mormon, upon plates…"" is a religious text first published in 1830 by Joseph Smith. According to Smith, the book was translated from golden plates revealed by an angel, chronicling ancient peoples led from Jerusalem to the Americas. The text centers on an appearance of Jesus Christ in the Americas after his resurrection, containing teachings on atonement, baptism, and priesthood authority. Its origins remain contested between faith-based and scholarly interpretations.",1830,268,4.1,2404,"https://www.gutenberg.org/cache/epub/17/pg17.cover.medium.jpg",10
"The Federalist Papers","","Alexander Hamilton, John Jay, James Madison","Essays, Letters & Speeches, History - American, Politics","""The Federalist Papers"" by Alexander Hamilton, John Jay, and James Madison is a collection of 85 essays written between 1787-1788. Published under the pseudonym ""Publius,"" these articles aimed to persuade New York voters to ratify the proposed Constitution of the United States. The essays tackle fundamental questions about governance, from preventing tyranny of the majority to establishing checks and balances. They address whether societies can create good government through reason and choice, or must rely on accident and force. This defense of the Constitution became a landmark work in political science.",1804,131,4.6,2621,"https://www.gutenberg.org/cache/epub/18/pg18.cover.medium.jpg",10
"The Song of Hiawatha","","Henry Wadsworth Longfellow","American Literature, Mythology, Legends & Folklore, Poetry","""The Song of Hiawatha"" by Henry Wadsworth Longfellow is an epic poem published in 1855. Written in trochaic tetrameter, it tells the fictional adventures of Ojibwe warrior Hiawatha and his tragic love for Minnehaha, a Dakota woman. Set near Lake Superior's Pictured Rocks, the poem follows Hiawatha from childhood through heroic deeds including slaying an evil magician, inventing written language, and discovering corn. The story culminates with the arrival of Christian missionaries and Hiawatha's mysterious departure westward into the sunset.",1855,295,4.7,2405,"https://www.gutenberg.org/cache/epub/19/pg19.cover.medium.jpg",5
"Paradise Lost","","John Milton","British Literature, Classics Of Literature, Poetry","""Paradise Lost"" by John Milton is an epic poem published in 1667. It retells the biblical story of humanity's fall: Satan's rebellion against God, his expulsion to Hell, and his vengeful plot to corrupt God's newest creation—mankind. Through the temptation of Adam and Eve in the Garden of Eden, Milton explores profound themes of free will, disobedience, and redemption. The poem features one of literature's most complex villains in Satan, while seeking to ""justify the ways of God to men.""",1667,539,4.6,24840,"https://www.gutenberg.org/cache/epub/20/pg20.cover.medium.jpg",9
"Three hundred Aesop’s fables","Translated by George Fyler Townsend","Aesop","Classics Of Literature, Mythology, Legends & Folklore, Aesop'S Fables","""Three Hundred Aesop's Fables"" by Aesop is a collection of fables originating between 620 and 564 BCE. These timeless tales feature talking animals, plants, and humans navigating moral dilemmas and life lessons. Originally part of oral tradition, the stories were collected centuries after Aesop's death and grew to include works from diverse sources across cultures. Each brief narrative offers wisdom through simple scenarios, often concluding with explicit morals that have shaped ethical thinking for millennia.",1995,484,4.5,23000,"https://www.gutenberg.org/cache/epub/21/pg21.cover.medium.jpg",7
"Roget's Thesaurus","","Peter Mark Roget","Encyclopedias/Dictionaries/Reference, Reference, English Language","""Roget's Thesaurus"" by Peter Mark Roget is a reference work first published in 1852. Roget, a British physician and lexicographer, created this revolutionary system of verbal classification to help writers struggling with composition. Rather than arranging words alphabetically, his thesaurus organizes them into six primary classes with over a thousand meaning clusters, grouping words by semantic relationships and conceptual connections. Originally containing 15,000 words, the work has expanded through successive editions while maintaining Roget's foundational organizational system, becoming one of the most widely used English-language reference tools.",1852,362,4.0,2569,"https://www.gutenberg.org/cache/epub/22/pg22.cover.medium.jpg",8
"Narrative of the Life of Frederick Douglass, an American Slave","","Frederick Douglass","African American Writers, Biographies, History - American","""Narrative of the Life of Frederick Douglass, an American Slave"" by Frederick Douglass is a memoir written in 1845. This powerful firsthand account chronicles Douglass's experiences in bondage and his determination to gain freedom. From his early separation from his mother to brutal physical abuse under various masters, Douglass recounts the dehumanizing realities of slavery. His secret pursuit of literacy becomes a turning point, opening his mind to the possibility of escape and fueling his journey toward liberation and self-determination.",1845,337,4.6,25000,"https://www.gutenberg.org/cache/epub/23/pg23.cover.medium.jpg",9
"O Pioneers!","","Willa Cather","American Literature, Novels, Domestic Fiction","""O Pioneers!"" by Willa Cather is a novel published in 1913. It follows Alexandra Bergson, a Swedish-American immigrant who inherits her family's Nebraska farmland and fights to build prosperity on the harsh prairie while neighbors abandon their dreams. As the land transforms under her determination, two forbidden romances unfold—one between Alexandra and an old friend, the other between her brother Emil and a married woman—testing loyalty, passion, and the price of survival in an unforgiving frontier.",1913,285,4.2,1924,"https://www.gutenberg.org/cache/epub/24/pg24.cover.medium.jpg",4
"The 1991 CIA World Factbook","","U.S. Central Intelligence Agency","Cia World Factbooks, Encyclopedias/Dictionaries/Reference, Geography","""The 1991 CIA World Factbook"" by the United States Central Intelligence Agency is a comprehensive scientific publication created during the early 1990s. The material serves as an annual reference for United States government officials, offering detailed statistical information and analysis on various countries and territories around the world, including political, economic, and geographic data. At the start of the Factbook, there is an introduction outlining the purpose and structure of the publication, emphasizing its utility for government officials and the frameworks for the presentation of data. The opening section includes notes on how to search the directory effectively, followed by a detailed table of contents. The introduction stresses the collaborative nature of the information provided, citing numerous agencies that contributed to the Factbook, and it sets the stage for the in-depth analysis of 247 nations and territories that follows. It highlights critical statistics and elements that shape international relations and provides insight into various countries' demographics, economies, governments, and geographic details.",1991,275,4.7,1666,"https://www.gutenberg.org/files/25/cover.jpg",8
"Paradise Lost","","John Milton","British Literature, Classics Of Literature, Poetry","""Paradise Lost"" by John Milton is an epic poem published in 1667. It retells the biblical story of humanity's fall: Satan's rebellion against God, his banishment to Hell, and his vengeful plot to corrupt God's newest creation—mankind. Through the temptation of Adam and Eve in the Garden of Eden, Milton explores themes of free will, obedience, and moral consequence. The poem features one of literature's most complex villains and ends with humanity's expulsion from Paradise, yet offers hope for redemption.",1667,207,4.1,9058,"https://www.gutenberg.org/cache/epub/26/pg26.cover.medium.jpg",8
"Far from the Madding Crowd","","Thomas Hardy","British Literature, Novels, Didactic Fiction","""Far from the Madding Crowd"" by Thomas Hardy is a novel published in 1874. Set in rural Victorian England, it follows independent Bathsheba Everdene as she navigates complex relationships with three very different men: the faithful shepherd Gabriel Oak, the prosperous farmer William Boldwood, and the dashing Sergeant Frank Troy. Against the backdrop of farm life, the story explores themes of love, honour, and betrayal, as Bathsheba's choices lead to unexpected consequences that will test all involved.",1874,428,4.5,1587,"https://www.gutenberg.org/cache/epub/27/pg27.cover.medium.jpg",2
"The Fables of Aesop","Selected, Told Anew, and Their History Traced","Aesop","Children & Young Adult Reading, Classics Of Literature, Mythology, Legends & Folklore","""The Fables of Aesop"" by Aesop is a collection of fables credited to a storyteller who lived in ancient Greece between 620 and 564 BCE. These short tales feature talking animals and plants that teach moral lessons through simple yet profound scenarios. Originally part of oral tradition, the stories were collected centuries after Aesop's death and have been continuously expanded, translated, and reinterpreted across cultures. The fables address ethical, social, and political themes, offering timeless wisdom through humble incidents that reveal great truths about human nature and behavior.",1995,416,4.7,2748,"https://www.gutenberg.org/cache/epub/28/pg28.cover.medium.jpg",3
"The 1990 United States Census","","U.S. Census Bureau","Encyclopedias/Dictionaries/Reference, Reports & Conference Proceedings, Sociology","""The 1990 United States Census"" by the United States Bureau of the Census is a demographic survey conducted in 1990. This nationwide count documented 248,709,873 residents, marking a 9.8 percent population increase from the previous decade. The census introduced new racial categories, including separate classification for Native Hawaiian and Pacific Islander populations. It captured significant demographic shifts, including Los Angeles overtaking Chicago as the nation's second-largest city. The results determined congressional representation and electoral votes for the following decade.",1990,341,4.2,1264,"https://www.gutenberg.org/cache/epub/29/pg29.cover.medium.jpg",7
"The Bible, King James Version, Complete","","Various Authors","History - Ancient, Mythology, Legends & Folklore, Religion/Spirituality","""The Bible, King James Version, Complete"" is an Early Modern English translation commissioned in 1604 and published in 1611 under King James VI and I. This monumental work contains 80 books spanning the Old Testament, Apocrypha, and New Testament. Renowned for its majestic style, it has shaped English literature, Christian thought, and everyday language for over four centuries. Created to serve the Church of England and address concerns about existing translations, it became the dominant English Bible by the eighteenth century and remains among the most widely read translations today.",1604,199,4.0,2411,"https://www.gutenberg.org/cache/epub/30/pg30.cover.medium.jpg",2
"Plays of Sophocles","Oedipus the King; Oedipus at Colonus; Antigone","Sophocles","Best Books Ever Listings, Classics Of Literature, Plays/Films/Dramas","""Plays of Sophocles: Oedipus the King; Oedipus at Colonus; Antigone"" by Sophocles is a collection of classic Greek tragedies likely written in the 5th century BC. The central themes explore fate, free will, and the tragic consequences of human actions, revolving mainly around the lives of Oedipus and his family, highlighting his fall from grace and the ensuing curses that plague his lineage. The opening of ""Oedipus the King"" sets the stage in Thebes, where King Oedipus learns about a devastating plague afflicting his city. As he vows to find the cause, he is determined to uncover the truth, leading him down a path of self-discovery and horrifying realizations about his identity and past. The characters introduced, including the priest, Creon, and the blind seer Teiresias, foreshadow the tragic unraveling of Oedipus's life, particularly as themes of hubris and fate begin to prevail, laying the groundwork for the unfolding tragedy. The pleads of the Theban citizens highlight the desperation of those under Oedipus’s reign, marking him as both a capable but ultimately doomed leader.",-406,256,4.0,3178,"https://www.gutenberg.org/cache/epub/31/pg31.cover.medium.jpg",8
"Herland","","Charlotte Perkins Gilman","Best Books Ever Listings, American Literature, Gender & Sexuality Studies","""Herland"" by Charlotte Perkins Gilman is a feminist utopian novel written in 1915. Three male explorers discover an isolated society composed entirely of women who reproduce without men. What they find challenges every assumption they hold about gender, civilization, and human nature. As the men learn the language and customs of this all-female utopia—free of war, conflict, and domination—they must confront their own prejudices about what women should be, leading to revelations that test their understanding of society itself.",1915,304,4.4,2267,"https://www.gutenberg.org/cache/epub/32/pg32.cover.medium.jpg",2
"The Scarlet Letter","","Nathaniel Hawthorne","American Literature, Classics Of Literature, Novels","""The Scarlet Letter"" by Nathaniel Hawthorne is a historical novel published in 1850. Set in Puritan Massachusetts during the 1640s, it follows Hester Prynne, who bears a child outside marriage and must wear a scarlet ""A"" as punishment for adultery. While Hester refuses to name the father, her long-lost husband arrives in disguise, vowing revenge. The story explores sin, guilt, and redemption as secrets threaten to destroy lives in this unforgiving community.",1850,314,4.8,2676,"https://www.gutenberg.org/cache/epub/33/pg33.cover.medium.jpg",4
"Zen and the Art of the Internet","","Brendan P. Kehoe","How To ..., Research Methods/Statistics/Information Sys, Computer Networks","""Zen and the Art of the Internet"" by Brendan P. Kehoe is a beginner's guide to navigating the Internet, written in the early 1990s. This practical manual aims to familiarize novice users with the various functions and features of the Internet, offering insight into both its potential and its complexities as a communication tool. The opening of the guide introduces readers to the purpose of the text, which is to serve as both a reference for quick queries and a foundational resource for exploring the Internet. It emphasizes that the material is designed to be broadly applicable and not tied to any specific operating system. The text addresses the great expanse of information accessible via the Internet and cautions users about the time-consuming nature of online exploration. Specific terms, such as email addresses and domain names, are briefly explained, providing a glimpse into the foundational knowledge that the guide will cover in greater depth.",2011,457,4.5,2274,"https://www.gutenberg.org/cache/epub/34/pg34.cover.medium.jpg",5
"The Time Machine","","H. G. Wells","British Literature, Novels, Science-Fiction & Fantasy","""The Time Machine"" by H. G. Wells is a science fiction novella published in 1895. A Victorian scientist known as the Time Traveller journeys to the year 802,701, where he discovers humanity has evolved into two distinct species: the childlike Eloi and the savage Morlocks. This groundbreaking work popularized the concept of time travel and coined the term ""time machine."" Wells crafts a haunting vision of the future that explores class divisions and social inequality, taking readers on an unforgettable adventure through time's darkest possibilities.",1895,423,4.0,11167,"https://www.gutenberg.org/cache/epub/35/pg35.cover.medium.jpg",9
"The war of the worlds","","H. G. Wells","British Literature, Classics Of Literature, Novels","""The War of the Worlds"" by H. G. Wells is a science fiction novel written between 1895 and 1897. When Martians with superior intelligence and advanced weapons invade Earth, humanity faces extinction. The extraterrestrials emerge from metal cylinders, wielding devastating heat rays and toxic chemical weapons as they methodically destroy England's defenses. An unnamed narrator struggles to survive the carnage and reunite with his wife while civilization collapses around him. One of the earliest alien invasion stories, Wells's novel explores humanity's vulnerability against an unstoppable force.",1946,123,4.2,8945,"https://www.gutenberg.org/cache/epub/36/pg36.cover.medium.jpg",8
"The 1990 United States Census [2nd]","","U.S. Census Bureau","Encyclopedias/Dictionaries/Reference, Reports & Conference Proceedings, Housing","""The 1990 United States Census"" by the United States Bureau of the Census is a scientific publication that presents comprehensive demographic data collected during the 1990 census, likely written in the early 1990s. This document aims to provide insights into the population characteristics of the United States, detailing various statistics related to regions, states, and demographic components such as age, race, and household types. The opening of the census report introduces the geographic regions defined according to the census, which are the Northeast, South, Midwest, and West. It includes a breakdown of the population estimates across these regions, along with specific data for individual states. Following this introduction, various tables present detailed statistics regarding the total populations, demographics such as sex and age distribution, and household information, illustrating the structured and methodical approach taken to analyze the nation’s population. Each section is dense with numerical data, serving as a vital resource for researchers, policymakers, and anyone interested in understanding the social and demographic trends of the early 1990s.",1990,165,4.2,1272,"https://www.gutenberg.org/cache/epub/37/pg37.cover.medium.jpg",2
"The Jargon File, Version 2.9.10, 01 Jul 1992","","Various","Encyclopedias/Dictionaries/Reference, Engineering & Technology, Humour","""The Jargon File, Version 2.9.10, 01 Jul 1992"" by Eric S. Raymond and Guy L. Steele is a glossary and usage dictionary published in 1992. Born from the slang of MIT and Stanford AI labs in the 1970s, this collection captures the colorful language of early computer programmers and hackers. Through decades of evolution, it transformed from a living document into a legendary chronicle of hacker culture, preserving terms and philosophies that shaped the digital revolution and influenced generations of programmers worldwide.",1992,165,4.3,1430,"https://www.gutenberg.org/cache/epub/38/pg38.cover.medium.jpg",2
"Hitchhiker's Guide to the Internet","","Ed Krol","Engineering & Technology, How To ..., Computer Networks","""The Hitchhiker's Guide to the Internet"" by Ed Krol is a practical guidebook aimed at those familiar with local area networks, written during the late 1980s. This comprehensive manual provides insight into the structure, protocols, and operations of the emerging Internet, serving as an essential resource for networking professionals and enthusiasts looking to connect their systems to the wider Internet. The book's content is reflective of an era when the Internet was transitioning from experimental networks to a more interconnected global framework. The book covers a vast range of topics essential for understanding the Internet's functionality, starting from its historical context with the ARPAnet and leading to the complexities of network protocols, addressing, and domain name services. Krol explains critical concepts such as RFCs (Request for Comments), addressing allocation, and the role of various entities like the Network Information Center (NIC). The guide is both informative and technical, providing detailed procedures for network operation, troubleshooting, and effective use of Internet resources, making it a valuable resource for those entering the field of computer networking amidst the rapid evolution of digital communications.",1995,368,4.5,1247,"https://www.gutenberg.org/cache/epub/39/pg39.cover.medium.jpg",5
"NorthWestNet User Services Internet Resource Guide (NUSIRG)","","Jonathan Kochmer","Research Methods/Statistics/Information Sys, Teaching & Education, Internet","""NORTHWESTNET USER SERVICES INTERNET RESOURCE GUIDE (NUSIRG)"" by Jonathan Kochmer is a technical guide created in the early 1990s. The guide serves as a comprehensive resource for users of the NorthWestNet indexing various internet services, policies, and user support systems tied to the network. It is primarily aimed at individuals affiliated with the NorthWestNet network, including academics, researchers, and members of the education community. The beginning of the guide lays out essential information on how users can access the NUSIRG for free via the File Transfer Protocol (FTP) or purchase a printed version. It details instructions for using FTP to obtain the guide and mentions the availability of various file formats. Furthermore, it highlights the NorthWestNet's mission, emphasizing education, research, and the expansion of network connectivity in the region through programs, training, and user support. The initial pages provide an overview of the structure and content of the guide, leading into sections that cover acceptable use policies and the operations of the network's services.",1995,352,4.2,778,"https://www.gutenberg.org/cache/epub/40/pg40.cover.medium.jpg",6
"The Legend of Sleepy Hollow","","Washington Irving","American Literature, Mythology, Legends & Folklore, Short Stories","""The Legend of Sleepy Hollow"" by Washington Irving is a short story written in 1820. Set in 1790 in a secluded glen near Tarrytown, it follows Ichabod Crane, a superstitious schoolmaster who competes with local rowdy Brom Bones for the affections of wealthy Katrina Van Tassel. After a harvest party filled with ghost stories about a Headless Horseman, Ichabod encounters a terrifying cloaked rider on his journey home. The next morning, he has vanished, leaving only mysterious clues behind.",1820,487,4.3,25000,"https://www.gutenberg.org/cache/epub/41/pg41.cover.medium.jpg",2
"The strange case of Dr. Jekyll and Mr. Hyde","","Robert Louis Stevenson","British Literature, Classics Of Literature, Crime, Thrillers And Mystery","""The Strange Case of Dr. Jekyll and Mr. Hyde"" by Robert Louis Stevenson is a Gothic horror novella published in 1886. When London lawyer Gabriel John Utterson investigates strange occurrences involving his old friend Dr. Henry Jekyll and a murderous criminal named Edward Hyde, he uncovers a disturbing mystery. This defining work of Gothic horror explores the duality of human nature, examining how good and evil can intertwine within a single person. The story's impact endures today, with ""Jekyll and Hyde"" becoming synonymous with those who possess hidden, shocking darkness.",1886,226,4.6,25000,"https://www.gutenberg.org/cache/epub/42/pg42.cover.medium.jpg",5
"The strange case of Dr. Jekyll and Mr. Hyde","","Robert Louis Stevenson","British Literature, Classics Of Literature, Crime, Thrillers And Mystery","""The Strange Case of Dr. Jekyll and Mr. Hyde"" by Robert Louis Stevenson is a Gothic horror novella published in 1886. When London lawyer Gabriel John Utterson investigates strange occurrences involving his old friend Dr. Henry Jekyll and a murderous criminal named Edward Hyde, he uncovers a disturbing mystery. This defining work of Gothic horror explores the duality of human nature and has profoundly influenced popular culture, making ""Jekyll and Hyde"" synonymous with hidden evil beneath respectable appearances.",1886,380,4.3,25000,"https://www.gutenberg.org/cache/epub/43/pg43.cover.medium.jpg",7
"The Song of the Lark","","Willa Cather","American Literature, Novels, Opera","""The Song of the Lark"" by Willa Cather is a novel written in 1915. It follows Thea Kronborg, a talented girl from a small Colorado town who dreams of becoming a musician. When a teacher discovers her remarkable singing voice, she leaves home to pursue vocal training in Chicago and beyond. The novel traces her artistic development and personal sacrifices as she climbs toward success, shedding relationships that no longer serve her ambition in the burgeoning American West.",1915,181,4.4,1735,"https://www.gutenberg.org/cache/epub/44/pg44.cover.medium.jpg",5
"Anne of Green Gables","","L. M. Montgomery","Canada, Children & Young Adult Reading, Classics Of Literature","""Anne of Green Gables"" by L. M. Montgomery is a novel published in 1908. When eleven-year-old orphan Anne Shirley arrives at Green Gables farm by mistake, the Cuthbert siblings had requested a boy to help with farmwork. Imaginative, talkative, and eager to belong, Anne must prove herself worthy of staying. The story follows her adventures in the village of Avonlea—making friends, excelling at school, clashing with rival Gilbert Blythe, and transforming the lives of everyone around her.",1908,496,4.3,17318,"https://www.gutenberg.org/cache/epub/45/pg45.cover.medium.jpg",5
"A Christmas Carol in Prose; Being a Ghost Story of Christmas","","Charles Dickens","British Literature, Classics Of Literature, Novels","""A Christmas Carol in Prose; Being a Ghost Story of Christmas"" by Charles Dickens is a novella published in 1843. It tells the story of Ebenezer Scrooge, a greedy miser who despises Christmas. Through supernatural visits from four ghosts—Jacob Marley and the spirits of Christmas Past, Present, and Future—Scrooge undergoes a profound transformation. This beloved tale has become one of Dickens's most famous works, adapted countless times across virtually every medium and performance genre since its publication.",1843,345,4.3,12489,"https://www.gutenberg.org/cache/epub/46/pg46.cover.medium.jpg",8
"Anne of Avonlea","","L. M. Montgomery","Canada, British Literature, Children & Young Adult Reading","""Anne of Avonlea"" by L. M. Montgomery is a novel published in 1909. This sequel follows Anne Shirley from ages sixteen to eighteen as she becomes Avonlea's schoolteacher on Prince Edward Island. Anne navigates the challenges of teaching, helps raise two orphaned twins, and co-founds the Village Improvement Society with mixed results. Along the way, she befriends an imaginative student and reunites a lonely woman with her long-lost love, all while preparing for college alongside her friend Gilbert.",1909,419,4.0,4648,"https://www.gutenberg.org/cache/epub/47/pg47.cover.medium.jpg",4
"The 1992 CIA World Factbook","","U.S. Central Intelligence Agency","Cia World Factbooks, Encyclopedias/Dictionaries/Reference, Geography","""The 1992 CIA World Factbook"" by the United States Central Intelligence Agency is a comprehensive reference publication created in the early 1990s. This work provides an extensive overview of various countries' geographical, political, and economic profiles, along with critical data about population demographics, governmental structures, and social statistics. The opening of the factbook introduces its structured format, highlighting methods for efficient data retrieval within the text, such as searching for specific country sections. It begins by presenting detailed information about Afghanistan's geography, including land area, climate, natural resources, and environmental challenges. The dataset covers population statistics, religious distribution, and literacy rates, followed by a thorough examination of Afghanistan's government structure, economic overview, and additional specifics about its communications and military capabilities. This systematic approach continues for each country, ensuring readers can access accurate and essential information for a global understanding at a specific historical moment.",1992,569,4.3,1500,"https://www.gutenberg.org/files/48/cover.jpg",4
"Surfing the Internet","An Introduction: Version 2.0.2","Jean Armour Polly","How To ..., Journalism/Media/Writing, Language & Communication","""Surfing the Internet: An Introduction"" by Jean Armour Polly is a non-technical guidebook written in the early 1990s, specifically 1992, during the burgeoning days of internet connectivity. The book addresses the topic of internet communications, focusing on how libraries and librarians can utilize the vast resources of the internet to enhance their services and foster communication within the scholarly community and beyond. The content of the book serves as a primer for readers interested in understanding the potential of the internet as a tool for information sharing and exchange. It elaborates on various internet services, including electronic mail, discussion lists, and electronic journals, all while highlighting the evolving nature of networking and digital communication. Polly shares anecdotes from her experiences on the internet, illustrating its global reach and the unique virtual connections formed across geographic boundaries. The book emphasizes both the practical aspects of using the internet for research and communication, as well as its role as an equalizer that breaks down barriers in information access and social interactions. Overall, it invites readers to embark on their own internet journeys, encouraging exploration and active participation in this new digital landscape.",1995,238,4.7,2665,"https://www.gutenberg.org/cache/epub/49/pg49.cover.medium.jpg",7
"Pi","","Scott Hemphill","Mathematics, Pi","""Pi"" is a notable literary and historical work by Scott Hemphill, categorized under Mathematics, Pi.",1995,252,4.4,1933,"https://www.gutenberg.org/cache/epub/50/pg50.cover.medium.jpg",6
"Anne of the Island","","L. M. Montgomery","Canada, Children & Young Adult Reading, Novels","""Anne of the Island"" by L. M. Montgomery is a novel published in 1915. Anne Shirley leaves Prince Edward Island for the first time to attend Redmond College in Nova Scotia, embarking on new adventures with old and new friends. As she navigates college life, romantic proposals, and questions of true love, Anne must discover what her heart truly desires—and whether the ideal she's always imagined matches reality.",1915,159,4.3,4116,"https://www.gutenberg.org/cache/epub/51/pg51.cover.medium.jpg",8
"The Square Root of 2","","Stan Kerr","Mathematics, Square Root","""The Square Root of 2"" is a notable literary and historical work by Stan Kerr, categorized under Mathematics, Square Root.",1995,298,4.3,3080,"https://www.gutenberg.org/cache/epub/52/pg52.cover.medium.jpg",10
"Workshop on Electronic Texts","Proceedings, 9-10 June 1992","Library of Congress","Engineering & Technology, Reports & Conference Proceedings, Electronic Books","""Workshop on Electronic Texts: Proceedings"" edited by James Daly is a scientific publication documenting discussions and presentations from a conference held in the early 1990s. The book captures the collaborative exploration of methodologies for digitizing, preserving, and presenting historical textual materials and images, focusing on the implications of electronic texts for scholarship, usability, and technology in library sciences. The opening of this work sets the stage for a gathering at the Library of Congress where diverse stakeholders shared their insights and experiences related to electronic texts. The introduction highlights the themes of the workshop, including imaging, conversion techniques, and the challenges of copyright, while emphasizing the ongoing evolution of scholarly communication due to technological advancements. It outlines the concerns about quality versus quantity in digitization efforts, the need for standards in electronic texts, and the importance of understanding user requirements in an evolving digital landscape. Overall, the text serves as a comprehensive overview of a crucial stage in the shift toward electronic archival practices in the humanities.",1992,547,4.2,2010,"https://www.gutenberg.org/cache/epub/53/pg53.cover.medium.jpg",6
"The Marvelous Land of Oz","","L. Frank Baum","American Literature, Children & Young Adult Reading, Novels","""The Marvelous Land of Oz"" by L. Frank Baum is a novel published in 1904. This sequel follows young Tip as he escapes his cruel guardian, the witch Mombi, with a magical pumpkin-headed companion. When an all-girl army conquers the Emerald City, Tip joins forces with the Scarecrow and Tin Woodman on a wild adventure involving flying machines, hidden royalty, and shocking transformations that will determine Oz's rightful ruler.",1904,214,4.5,2618,"https://www.gutenberg.org/cache/epub/54/pg54.cover.medium.jpg",7
"The Wonderful Wizard of Oz","","L. Frank Baum","Adventure, American Literature, Children & Young Adult Reading","""The Wonderful Wizard of Oz"" by L. Frank Baum is a children's novel written in 1900. When a cyclone sweeps young Dorothy and her dog Toto from Kansas to the magical Land of Oz, she discovers only one way home: she must destroy the Wicked Witch of the West. Joined by a Scarecrow seeking brains, a Tin Woodman wanting a heart, and a Cowardly Lion desiring courage, Dorothy follows the yellow brick road to seek help from the mysterious Wizard of Oz.",1900,218,4.8,25000,"https://www.gutenberg.org/cache/epub/55/pg55.cover.medium.jpg",8
"NREN for All","Insurmountable Opportunity","Jean Armour Polly","Engineering & Technology, Teaching & Education, Internet","""NREN for All: Insurmountable Opportunity"" by Jean Armour Polly is a scientific publication written in the early 1990s. The book discusses the National Research and Education Network (NREN), highlighting its potential to enhance access to information and collaboration in various fields, particularly for those in underserved, rural areas. Polly explores the implications of NREN and its capability to bridge educational divides through technology. In her analysis, Polly emphasizes the challenges that may arise with the implementation of NREN, particularly focusing on accessibility, privacy, and the role of public libraries in this new digital landscape. She poses critical questions regarding how individuals, especially children in remote areas, will access these new technologies and resources. Throughout the publication, Polly advocates for the importance of public libraries as vital access points to high-speed internet, while also recognizing the financial and infrastructural hurdles they face. The book ultimately serves as a call to action for ensuring equitable access to information technology and the preservation of library services in the face of evolving digital demands.",1995,552,4.3,1933,"https://www.gutenberg.org/cache/epub/56/pg56.cover.medium.jpg",6
"Aladdin and the Magic Lamp","","Various","Adventure, Historical Novels, Mythology, Legends & Folklore","""Aladdin and the Magic Lamp"" by Unknown is a Middle Eastern folk tale added to One Thousand and One Nights by French translator Antoine Galland in 1710. A poor young man in China encounters a sorcerer who tricks him into retrieving a magical lamp from an enchanted cave. Trapped but aided by a magic ring, Aladdin escapes with the lamp and discovers it contains a powerful genie. He gains wealth, marries a princess, and builds a magnificent palace—but the vengeful sorcerer returns to reclaim the lamp and steal everything Aladdin has won.",1710,245,4.6,1852,"https://www.gutenberg.org/cache/epub/57/pg57.cover.medium.jpg",9
"Paradise Regained","","John Milton","British Literature, Classics Of Literature, Poetry","""Paradise Regained"" by John Milton is an epic poem first published in 1671. This brief epic depicts Christ's forty days in the wilderness, where Satan attempts to break his resolve through increasingly sophisticated temptations. Unlike Milton's ornate ""Paradise Lost,"" this work employs a plainer style to chronicle Christ's spiritual battle. Through offers of food, wealth, power, and ancient wisdom, Satan tests the fasting Jesus, who responds with scripture and steadfast refusal. The poem explores themes of reversal and hunger—both literal and spiritual—as Christ resists temptation to regain what humanity lost in Eden.",1671,397,4.5,1563,"https://www.gutenberg.org/cache/epub/58/pg58.cover.medium.jpg",2
"Discourse on the Method of Rightly Conducting One's Reason and of Seeking Truth in the Sciences","","René Descartes","History - Early Modern (c. 1450-1750), Philosophy & Ethics, Harvard Classics","""Discourse on the Method of Rightly Conducting One's Reason and of Seeking Truth in the Sciences"" by René Descartes is a philosophical and autobiographical treatise published in 1637. Descartes confronts skepticism by doubting everything to discover incontrovertible truth. This approach leads him to his famous conclusion ""I think, therefore I am."" He presents four precepts for arriving at genuine knowledge, starting from the simplest ideas and building systematically. The work establishes foundations for modern philosophy and natural sciences, introducing reasoning methods that would revolutionize Western thought.",1637,397,4.6,5442,"https://www.gutenberg.org/cache/epub/59/pg59.cover.medium.jpg",10
"The Scarlet Pimpernel","","Emmuska Orczy Orczy","Adventure, Best Books Ever Listings, British Literature","""The Scarlet Pimpernel"" by Baroness Emmuska Orczy Orczy is a historical fiction novel published in 1905. Set during the French Revolution's Reign of Terror, it follows a mysterious Englishman who rescues aristocrats from the guillotine. Sir Percy Blakeney appears to be merely a wealthy fop, but conceals a daring secret identity. When his wife Marguerite becomes entangled in a dangerous plot involving a French agent, she must uncover the truth about her husband before it's too late.",1905,208,4.4,2861,"https://www.gutenberg.org/cache/epub/60/pg60.cover.medium.jpg",9
"The Communist Manifesto","","Karl Marx, Friedrich Engels","Economics, Essays, Letters & Speeches, History - Modern (1750+)","""The Communist Manifesto"" by Karl Marx and Friedrich Engels is a political pamphlet published in 1848. Commissioned by the Communist League, it presents the theory that all history is shaped by class struggle. The authors analyze how capitalism creates conflict between the working class and those who own the means of production. They predict capitalism will destroy itself through internal contradictions, leading to revolution and a classless society. The manifesto outlines transitional policies and ends with its famous call for working-class solidarity across all nations.",1848,542,4.6,7005,"https://www.gutenberg.org/cache/epub/61/pg61.cover.medium.jpg",3
"A princess of Mars","","Edgar Rice Burroughs","Best Books Ever Listings, Adventure, Science-Fiction & Fantasy","""A Princess of Mars"" by Edgar Rice Burroughs is a science fantasy novel first serialized in 1912. Confederate veteran John Carter is mysteriously transported to Mars, a dying desert planet called Barsoom. With superhuman strength from the planet's lower gravity, he becomes entangled with warlike Green Martians and rescues Dejah Thoris, a princess of the humanoid Red Martians. Carter must navigate deadly political conflicts between alien races while fighting to protect the princess and save all life on Mars from extinction.",1912,240,4.1,25000,"https://www.gutenberg.org/cache/epub/62/pg62.cover.medium.jpg",10
"The Number ""e""","","Various","Mathematics, Historical Fiction, Mathematical Constants","""The Number 'e'"" by Unknown is a mathematical publication likely written in the late 20th century. The book appears to delve into the mathematical constant 'e' and provides an extensive computation of its value to a hundred thousand decimal places, showcasing both the calculation methodology and the significance of this number in mathematics. The opening section primarily presents the calculated value of 'e', systematically displayed to an astonishing degree of precision. It notes the computational technique used to derive this expansive sequence, involving an alternating series to determine the value of 1/e, which is subsequently inverted to arrive at 'e'. The text illustrates the technical process and the time it took to execute the calculations, providing insight into the computational advancements in mathematics. Overall, this beginning sets the stage for a detailed exploration of the mathematical constant 'e', highlighting its importance and the complexity inherent in its calculation.",1995,295,4.3,2399,"https://www.gutenberg.org/cache/epub/63/pg63.cover.medium.jpg",3
"The gods of Mars","","Edgar Rice Burroughs","Adventure, American Literature, Novels","""The Gods of Mars"" by Edgar Rice Burroughs is a science fantasy novel first published as a serial in 1913. John Carter returns to Mars after ten years, only to materialize in the Valley Dor—the Martian afterlife from which no one may leave. There he discovers a dark truth: the supposed gods of Mars are frauds who enslave and devour pilgrims seeking paradise. Carter must fight through layers of deception, rescue his beloved Dejah Thoris, and lead a massive fleet against false deities to expose the lies that have deceived an entire world.",1913,188,4.0,25000,"https://www.gutenberg.org/cache/epub/64/pg64.cover.medium.jpg",4
"The First 100,000 Prime Numbers","","Various","Encyclopedias/Dictionaries/Reference, Mathematics, Numbers, Prime","""The First 100,000 Prime Numbers"" is a notable literary and historical work by Various, categorized under Encyclopedias/Dictionaries/Reference, Mathematics, Numbers, Prime.",1995,323,4.1,1783,"https://www.gutenberg.org/cache/epub/65/pg65.cover.medium.jpg",10
"The Dawn of Amateur Radio in the U.K. and Greece","A Personal View","Norman F. Joly","Engineering & Technology, History - Modern (1750+), Radio Broadcasting","""The Dawn of Amateur Radio in the U.K. and Greece: A Personal View"" by Norman F. Joly is a historical account likely written in the late 20th century. This work chronicles the development of amateur radio, particularly focusing on its evolution in the United Kingdom and Greece, through both a scientific lens and personal anecdotes from the author’s experiences and observations within the radio amateur community. The opening of the book introduces readers to the historical roots of electricity and its pivotal role in the creation of radio communications. Joly begins by detailing key figures in the history of electricity, such as Thales of Miletus and Benjamin Franklin, and explores their contributions to the understanding of electric phenomena. The subsequent chapters promise to delve into the milestones of radio communication, including the advent of amateur radio and notable events like the transatlantic tests of the early 1920s and the struggles faced by early Greek radio amateurs during their formative years. The text sets a tone of exploration and reverence for the contributions of amateur radio enthusiasts, emphasizing their significant role in technological innovation and communication.",1995,364,4.2,1306,"https://www.gutenberg.org/cache/epub/66/pg66.cover.medium.jpg",6
"The Black Experience in America","","Norman Coombs","History - American, African Americans, Slavery","""The Black Experience in America"" by Norman Coombs is a historical account written in the early 1990s. The book delves into the complex and multifaceted narratives surrounding the African American experience, tracing the journey from the African origins through slavery and into the struggles for civil rights. It seeks to illuminate the unique cultural contributions of African Americans while examining the harsh realities of racism and oppression faced throughout American history. The opening of the book sets the stage for this exploration by discussing the historical context of African origins and the beginning of slavery in America. Coombs introduces the idea of Africa as the cradle of humankind, illustrating the rich heritage that was forcibly disrupted by the transatlantic slave trade. It highlights the establishment of powerful West African empires and the subsequent dynamics of the slave trade, as well as the early economic systems that contributed to the dehumanization and commodification of African bodies in America. This foundational portion establishes a critical understanding of how the African heritage has profoundly shaped the American cultural landscape, laying the groundwork for further discussions on the diverse responses of African Americans to their circumstances.",1995,526,4.7,835,"https://www.gutenberg.org/cache/epub/67/pg67.cover.medium.jpg",2
"The warlord of Mars","","Edgar Rice Burroughs","Adventure, Science-Fiction & Fantasy, Science Fiction","""The Warlord of Mars"" by Edgar Rice Burroughs is a science fantasy novel written in 1913 and published in 1914. John Carter races across the frozen polar regions of Mars to rescue his imprisoned wife, Princess Dejah Thoris, from vengeful enemies who have abducted her. His desperate pursuit leads him to discover the hidden realm of the Yellow Martians and their tyrannical ruler, triggering battles and rebellions that will determine the fate of multiple Martian kingdoms.",1913,124,4.0,25000,"https://www.gutenberg.org/cache/epub/68/pg68.cover.medium.jpg",4
"The 32nd Mersenne Prime","Predicted by Mersenne","David Slowinski","Mathematics, Number Theory, Numbers, Prime","""The 32nd Mersenne Prime"" by David Slowinski is a scientific publication likely written in the early 21st century. The text appears to delve into the discovery of a significant prime number, specifically the 32nd Mersenne Prime, highlighting its mathematical importance and the computational power involved in verifying its existence. The opening of the work presents the discovery of the 32nd Mersenne Prime in February 1993, attributing the breakthrough to the efforts surrounding Andrew Wiles' proof of Fermat's Last Theorem. The Mersenne number, represented in a lengthy numeric form, showcases the scale of what the author describes, indicating not just the numerical value but also the process required to compute such a prime number. This section serves as an introduction to the complexity of prime numbers and the excitement surrounding significant mathematical milestones, potentially engaging readers interested in number theory and computational mathematics.",1995,348,4.8,3015,"https://www.gutenberg.org/cache/epub/69/pg69.cover.medium.jpg",7
"What Is Man? and Other Essays","","Mark Twain","American Literature, Essays, Letters & Speeches, Philosophy & Ethics","""What Is Man? and Other Essays"" by Mark Twain is a collection of essays and philosophical dialogues written in the late 19th century. The essays explore profound inquiries into human nature, morality, and the influences that shape our thoughts and behaviors. The opening dialogue focuses on a conversation between an Old Man and a Young Man, wherein they debate whether human beings are merely machines driven by external influences, leading to a discussion about personal merit and the essence of free will. The beginning of this work sets the stage for Twain’s exploration of existential questions and the concept of man as a machine. The Old Man argues that individuals do not create their thoughts or actions independently; instead, they are influenced and shaped by their experiences and environment, likening humanity's state to that of a complex engine rather than free-thinking beings. He discusses the origins of opinions and virtues, suggesting that every impulse—whether for noble or selfish reasons—is ultimately aimed at appeasing one's inner self. This establishes a provocative premise that invites readers to reflect on the essence of their own motives and the nature of human existence.",1910,337,4.5,2601,"https://www.gutenberg.org/cache/epub/70/pg70.cover.medium.jpg",2
"On the Duty of Civil Disobedience","","Henry David Thoreau","American Literature, Essays, Letters & Speeches, Philosophy & Ethics","""On the Duty of Civil Disobedience"" by Henry David Thoreau is an essay first published in 1849. Thoreau argues that individuals must follow their conscience over unjust laws, challenging the idea that citizens should passively obey government authority. Motivated by his opposition to slavery and the Mexican-American War, he contends that governments often enable injustice rather than prevent it. The essay became a foundational text for nonviolent resistance, profoundly influencing activists like Mahatma Gandhi and Martin Luther King Jr. in their struggles for justice and social change.",1849,566,4.7,3347,"https://www.gutenberg.org/cache/epub/71/pg71.cover.medium.jpg",2
"Thuvia, maid of Mars","","Edgar Rice Burroughs","Adventure, American Literature, Romance","""Thuvia, Maid of Mars"" by Edgar Rice Burroughs is a science fantasy novel published in 1916. The fourth book in the Barsoom series shifts focus to Carthoris, son of John Carter, who loves Princess Thuvia of Ptarth—a woman promised to another. When Thuvia is kidnapped and Carthoris is framed, war threatens to erupt between Martian nations. His desperate rescue mission leads him to ancient Lothar, where a mysterious race creates deadly illusions from pure thought.",1916,340,4.4,25000,"https://www.gutenberg.org/cache/epub/72/pg72.cover.medium.jpg",3
"The Red Badge of Courage","An Episode of the American Civil War","Stephen Crane","Best Books Ever Listings, Bestsellers, American, 1895-1923, American Literature","""The Red Badge of Courage: An Episode of the American Civil War"" by Stephen Crane is a war novel published in 1895. The story follows Henry Fleming, a young Union Army private who flees from battle during the American Civil War. Overwhelmed by shame and cowardice, he desperately longs for a wound—a ""red badge of courage""—to redeem himself. When his regiment faces combat again, Henry must confront his fears. Known for its psychological realism and vivid battle sequences, the novel explores themes of maturation, heroism, and the true nature of courage.",1895,172,4.5,22248,"https://www.gutenberg.org/cache/epub/73/pg73.cover.medium.jpg",4
"The Adventures of Tom Sawyer, Complete","","Mark Twain","Adventure, American Literature, Classics Of Literature","""The Adventures of Tom Sawyer, Complete"" by Mark Twain is a novel published in 1876 about a mischievous boy growing up along the Mississippi River in the 1830s-1840s. Tom Sawyer and his friend Huckleberry Finn navigate childhood adventures that take increasingly dangerous turns when they witness a murder in a graveyard. Sworn to secrecy and living in fear, the boys must decide whether to speak the truth as an innocent man faces trial, while a vengeful killer remains free.",1876,567,4.3,25000,"https://www.gutenberg.org/cache/epub/74/pg74.cover.medium.jpg",8
"E-mail 101","","John E. Goodwin","How To ..., Electronic Mail Systems","""E-mail 101"" by John E. Goodwin is an instructional guide written in the early 1990s. The book aims to demystify the process of using Email and the Internet for everyday communication and information retrieval, highlighting its relevance in an increasingly interconnected world. It offers practical steps for users to gain confidence in navigating the Internet, providing an essential resource for new users across various demographics, including students, professionals, and educators. The opening of ""E-mail 101"" introduces readers to the concept of internetworking, comparing its ease of use to automatic teller machines. Goodwin emphasizes the advantages of having 24-hour access to information and communication, likening it to the shift from traditional banking methods to modern conveniences. Through relatable analogies, he prepares readers for a journey into understanding the essentials of connecting to the Internet, using Email, and familiarizing them with the landscape of online resources. The author mentions that while the initial setup may seem daunting, with guidance, users can quickly adapt to leveraging the Internet for their needs.",1995,208,4.6,708,"https://www.gutenberg.org/cache/epub/75/pg75.cover.medium.jpg",7
"Adventures of Huckleberry Finn","","Mark Twain","Best Books Ever Listings, Adventure, American Literature","""Adventures of Huckleberry Finn"" by Mark Twain is a picaresque novel published in 1884-1885. Told in vernacular English, it follows young Huck Finn as he escapes his abusive father and flees down the Mississippi River with Jim, an enslaved man seeking freedom. Their journey brings encounters with feuding families, con artists, and moral dilemmas that challenge Huck's conscience. Set in the antebellum South, this sequel to ""Tom Sawyer"" is celebrated for its portrayal of boyhood and its satirical examination of racism and society.",1884,362,4.1,25000,"https://www.gutenberg.org/cache/epub/76/pg76.cover.medium.jpg",3
"The House of the Seven Gables","","Nathaniel Hawthorne","Best Books Ever Listings, American Literature, Classics Of Literature","""The House of the Seven Gables"" by Nathaniel Hawthorne is a Gothic novel written beginning in mid-1850 and published in April 1851. The story follows a New England family haunted by an ancient curse tied to their ancestral home, built on land wrongfully seized during the Salem Witch Trials. Exploring themes of guilt, retribution, and atonement, the novel weaves together past and present as impoverished Hepzibah Pyncheon, her brother Clifford, and their young cousin Phoebe confront family secrets and the mysterious death of Judge Jaffrey Pyncheon.",1864,230,4.7,2614,"https://www.gutenberg.org/cache/epub/77/pg77.cover.medium.jpg",7
"Tarzan of the Apes","","Edgar Rice Burroughs","Adventure, American Literature, Novels","""Tarzan of the Apes"" by Edgar Rice Burroughs is a novel published in 1914. When an English nobleman's infant son is orphaned in the African jungle, he is adopted and raised by apes. Named Tarzan, meaning ""White Skin,"" he grows up torn between his ape family and his human heritage. His world changes dramatically when a new group arrives, including Jane Porter, the first white woman he encounters. This tale explores identity, civilization, and the conflict between nature and heredity.",1914,377,4.5,3035,"https://www.gutenberg.org/cache/epub/78/pg78.cover.medium.jpg",5
"Terminal Compromise","","Winn Schwartau","American Literature, Crime, Thrillers And Mystery, Novels","""Terminal Compromise"" by Winn Schwartau is a high-tech thriller written in the early 1990s, creatively addressing contemporary issues of computer security and cyber-terrorism. The narrative follows several characters, including Taki Homosoto—a vengeful survivor of Hiroshima, Miles Foster—a brilliant yet disillusioned mathematical analyst from the National Security Agency, and Scott Mason—a New York Times reporter. The story seems poised to explore themes of personal vendettas, large-scale cyber attacks, and their implications on American society and security. The opening of ""Terminal Compromise"" introduces the reader to a world fraught with imminent threats and high-stakes scenarios involving key players. Taki Homosoto's backstory reveals a deep-seated hatred for America rooted in the destruction of his home city, while Miles Foster grapples with his own frustrations within the bureaucracy of the NSA. As the plot unfolds, we witness Miles's conflicted loyalties and his decision to engage with foreign entities, hinting at a larger conspiracy that may challenge the very fabric of the United States. The tension escalates as Scott Mason begins to uncover alarming connections between these characters and the catastrophic potential of cyber warfare.",1995,332,4.1,25000,"https://www.gutenberg.org/cache/epub/79/pg79.cover.medium.jpg",8
"The Online World","","Odd De Presno","Engineering & Technology, How To ..., Internet","""The Online World"" by Odd De Presno is a guidebook on utilizing online services and resources, written during the early 1990s. The book aims to explore the expansive realm of online information resources available at that time, focusing on practical applications that individuals, educators, and professionals can leverage. It provides insights into various online offerings, including databases, communication networks, and entertainment platforms, making it relevant for anyone looking to navigate the budding digital landscape. The opening of ""The Online World"" introduces readers to the author's intent and the book's structure. In the preface, de Presno outlines that the book is designed to be accessible, catering to a wide audience—from novices to experienced online users. The subsequent lines highlight the interconnectedness of online services and the diverse applications available, emphasizing stories of individuals leveraging these technologies for personal, educational, and professional gain. The chapter begins with an anecdote showcasing the value of online information in managing health issues and expands upon various user experiences that illustrate the transformative nature of online communication, making a compelling case for the necessity of understanding and utilizing the online world.",1995,521,4.0,1852,"https://www.gutenberg.org/cache/epub/80/pg80.cover.medium.jpg",9
"The Return of Tarzan","","Edgar Rice Burroughs","Adventure, Novels, Adventure Stories","""The Return of Tarzan"" by Edgar Rice Burroughs is a novel first published in 1913. After sacrificing his chance to marry Jane Porter, Tarzan travels to Europe where he makes deadly enemies of the villains Rokoff and Paulovitch. His adventures lead him through France, Algeria, and eventually back to the African jungle of his youth. There, he becomes chief of the Waziri tribe and discovers the lost city of Opar. Meanwhile, Jane's yacht expedition along Africa's coast leads to unexpected reunions and life-threatening dangers in the wilderness.",1913,220,4.2,1951,"https://www.gutenberg.org/cache/epub/81/pg81.cover.medium.jpg",9
"Ivanhoe","A Romance","Walter Scott","Best Books Ever Listings, British Literature, Historical Novels","""Ivanhoe: A Romance"" by Walter Scott is a historical novel published in December 1819. Set in 1194 England, it tells the story of Saxon knight Wilfred of Ivanhoe, disinherited for his loyalty to Norman King Richard the Lionheart and forbidden love for Lady Rowena. The novel weaves together tournaments, outlaws, and deep divisions between Jews and Christians, Normans and Saxons. Scott's vivid portrayal of medieval England sparked widespread fascination with chivalry and the Middle Ages, influencing how generations would imagine figures like Richard the Lionheart and Robin Hood.",1832,307,4.2,4155,"https://www.gutenberg.org/cache/epub/82/pg82.cover.medium.jpg",7
"From the Earth to the moon; and, round the moon","","Jules Verne","Classics Of Literature, French Literature, Novels","""From the Earth to the Moon; and, Round the Moon"" by Jules Verne is a novel published in 1865. After the American Civil War, the Baltimore Gun Club proposes an audacious plan: build a massive cannon to launch three men to the Moon. When the club's president, his rival, and a French adventurer volunteer for the journey, they must solve the problem of surviving the explosive acceleration. The projectile launches successfully, but their fate remains uncertain until the sequel reveals their voyage through space.",1865,244,4.3,21054,"https://www.gutenberg.org/cache/epub/83/pg83.cover.medium.jpg",6
"Frankenstein","or, the modern prometheus","Mary Wollstonecraft Shelley","British Literature, Classics Of Literature, Novels","""Frankenstein; Or, The Modern Prometheus"" by Mary Wollstonecraft Shelley is a Gothic novel published in 1818. It tells the story of Victor Frankenstein, a young scientist who creates a living creature from assembled body parts in an unorthodox experiment. When the creature awakens, Victor flees in horror, abandoning his creation. The conscious being must navigate a world that fears him, learning language and seeking connection, only to face repeated rejection. Embittered and alone, the creature confronts his creator with a desperate request that will set both on a dark path of vengeance and tragedy.",1818,442,4.0,25000,"https://www.gutenberg.org/cache/epub/84/pg84.cover.medium.jpg",6
"The Beasts of Tarzan","","Edgar Rice Burroughs","Adventure, Novels, Science-Fiction & Fantasy","""The Beasts of Tarzan"" by Edgar Rice Burroughs is a novel serialized in 1914 and published in book form in 1916. When vengeful enemies kidnap Tarzan's infant son Jack, they exile the ape-man to a remote jungle island while threatening the child with a cannibal tribe. Aided by a panther, intelligent apes, and a native warrior, Tarzan pursues his captors across the mainland in a desperate race to rescue his family and exact justice on those who wronged him.",1914,460,4.2,1448,"https://www.gutenberg.org/cache/epub/85/pg85.cover.medium.jpg",6
"A Connecticut Yankee in King Arthur's Court","","Mark Twain","Arthurian Legends, American Literature, Classics Of Literature","""A Connecticut Yankee in King Arthur's Court"" by Mark Twain is a novel published in 1889. When Hank Morgan, a Connecticut engineer, receives a blow to the head, he awakens in medieval England during King Arthur's reign. Using his modern knowledge, he poses as a powerful magician and becomes the king's chief adviser. Hank attempts to modernize the past and implement democratic reforms, but faces opposition from Merlin, the nobility, and the Church in this satirical tale about progress, power, and conflicting eras.",1889,251,4.4,25000,"https://www.gutenberg.org/cache/epub/86/pg86.cover.medium.jpg",5
"The 1993 CIA World Factbook","","U.S. Central Intelligence Agency","Cia World Factbooks, Encyclopedias/Dictionaries/Reference, Geography","""The 1993 CIA World Factbook"" by the United States Central Intelligence Agency is a comprehensive reference publication compiled in the early 1990s. This edition serves as a detailed resource for information regarding various countries and territories of the world, specifically focusing on aspects like geography, demographics, economy, and government structures. At the start of this edition, the authors outline the process of its compilation and present a structure to facilitate the retrieval of information efficiently. The preliminary edition includes an extensive list of countries, followed by detailed entries that cover a range of topics such as geography, population statistics, economic indicators, government forms, and more. The opening portion sets the stage for readers to engage with a trove of global facts that can serve as a vital tool for researchers, students, policymakers, and anyone interested in understanding the geopolitical landscape during that period.",1993,302,4.3,1501,"https://www.gutenberg.org/files/87/cover.jpg",5
"Price/Cost Indexes from 1875 to 1989; Estimated to 2010","","Michael Hart","Economics, Cost And Standard Of Living","""Price/Cost Indexes from 1875 to 1989; Estimated to 2010"" by Michael Hart is a scientific publication that appears to have been written in the late 20th century. The book discusses the fluctuations and trends in price and cost indexes from the late 19th century through the end of the 20th century, emphasizing the evolving value of the dollar over this extensive period. At the start of the work, the author introduces concepts related to consumer electronics, specifically computers, and how their increasing value since the late 1970s is juxtaposed against inflation and rising costs of other goods. Hart provides examples of early and modern computer prices, illustrating a significant decline in costs coupled with enhanced performance in newer models. The introduction also sets the stage for the subsequent exploration of cost/index figures over various decades, alluding to how inflation affects purchasing power and the perception of value across different eras. This foundational information prepares the reader to delve into more detailed analysis and comparative charts, which will follow in the rest of the publication.",1875,434,4.6,1183,"https://www.gutenberg.org/cache/epub/88/pg88.cover.medium.jpg",7
"North American Free Trade Agreement, 1992 Oct. 7 Tariff Phasing Descriptions","","Canada","Economics, Law & Criminology, Politics","""North American Free Trade Agreement, 1992 Oct. 7 Tariff Phasing Descriptions"" is a legal and economic document, likely drafted in the early 1990s, concerning the guidelines and regulations surrounding trade relations among Canada, Mexico, and the United States. This work primarily focuses on provisions relating to tariff elimination, trade in goods, government procurement, investment, and various regulatory frameworks aimed at enhancing trade efficiency and cooperation among the three nations. At the start of this text, the reader is introduced to the structure and content of the agreement, including a detailed table of contents that outlines various parts and chapters addressing objectives, definitions, trade treatment, customs procedures, and special sectors like automotive and agriculture. The preamble emphasizes the goals of enhancing cooperation, competitiveness, and sustainable development while reducing trade barriers among the three countries. The opening establishes the foundational principles that underpin the NAFTA agreement, setting the stage for more specific legal agreements and definitions that will be detailed in subsequent sections.",1992,164,4.1,2005,"https://www.gutenberg.org/cache/epub/89/pg89.cover.medium.jpg",3
"The Son of Tarzan","","Edgar Rice Burroughs","Adventure, Novels, Contemporary Reviews","""The Son of Tarzan"" by Edgar Rice Burroughs is an adventure novel written in 1915. For the first time in the series, the story centers on Tarzan's son Jack rather than Tarzan himself. When Jack discovers his father's secret past and befriends a captive ape, he embarks on a dangerous journey to Africa that transforms him into Korak—""the killer."" In the jungle, he rescues an abused girl named Meriem, and together they survive years of adventure while his parents search desperately for their missing son.",1915,352,4.6,1428,"https://www.gutenberg.org/cache/epub/90/pg90.cover.medium.jpg",8
"Tom Sawyer Abroad","","Mark Twain","Adventure, American Literature, Humour","""Tom Sawyer Abroad"" by Mark Twain is a novel published in 1894. Tom Sawyer, Huckleberry Finn, and Jim accidentally stow away on a futuristic hot air balloon bound for Europe. After the ship's owner falls overboard during a storm, the trio finds themselves sailing solo across uncharted skies. Their journey takes an unexpected turn toward Africa, where they encounter lions, robbers, and ancient wonders like the Pyramids and Sphinx in this parody of Jules Verne-style adventure tales.",1894,389,4.3,1516,"https://www.gutenberg.org/cache/epub/91/pg91.cover.medium.jpg",3
"Tarzan and the Jewels of Opar","","Edgar Rice Burroughs","Adventure, Novels, Movie Books","""Tarzan and the Jewels of Opar"" by Edgar Rice Burroughs is a novel first published in 1916. Tarzan returns to the lost city of Opar to recover gold from its hidden treasure stockpile after suffering financial losses. But danger follows—a treacherous Belgian officer tracks him, an earthquake leaves him without memory, and the beautiful high priestess La seeks vengeance after he rejects her love again. Meanwhile, Jane has been kidnapped, and an amnesiac Tarzan must navigate intrigue and betrayal while unknowingly carrying Opar's sacred sacrificial knife.",1916,197,4.5,1435,"https://www.gutenberg.org/cache/epub/92/pg92.cover.medium.jpg",10
"Tom Sawyer, Detective","","Mark Twain","American Literature, Crime, Thrillers And Mystery, Novels","""Tom Sawyer, Detective"" by Mark Twain is a novel published in 1896. The story follows Tom Sawyer as he attempts to solve a mysterious murder, serving as a playful parody of the popular detective novels of its era. Narrated by Huck Finn in his distinctive first-person voice, this sequel to Twain's beloved earlier works brings the iconic characters into a new adventure filled with intrigue and suspense in small-town America.",1896,535,4.7,1323,"https://www.gutenberg.org/cache/epub/93/pg93.cover.medium.jpg",5
"Alexander's Bridge","","Willa Cather","American Literature, Novels, Boston (Mass.)","""Alexander's Bridge"" by Willa Cather is a novel first published in 1912. Bartley Alexander is a world-renowned bridge builder caught in a midlife crisis. Though married to Winifred in Boston, he rekindles a romance with former lover Hilda Burgoyne in London. Torn between two worlds, Bartley struggles with guilt and honor as his double life unravels. Meanwhile, a bridge project in Canada demands his attention, setting the stage for a devastating convergence of personal and professional crises.",1912,164,4.3,1834,"https://www.gutenberg.org/cache/epub/94/pg94.cover.medium.jpg",8
"The prisoner of Zenda","","Anthony Hope","Adventure, Best Books Ever Listings, Bestsellers, American, 1895-1923","""The Prisoner of Zenda"" by Anthony Hope is an adventure novel published in 1894. When the King of Ruritania is drugged before his coronation, an English tourist who happens to be his lookalike is persuaded to impersonate him. What begins as a temporary political solution becomes dangerous when the king is kidnapped. The Englishman must maintain his royal disguise while navigating palace intrigue, assassination attempts, and forbidden love with Princess Flavia—all while trying to rescue the real king from his captors.",1894,317,4.7,2013,"https://www.gutenberg.org/cache/epub/95/pg95.cover.medium.jpg",6
"The Monster Men","","Edgar Rice Burroughs","Adventure, American Literature, Novels","""The Monster Men"" by Edgar Rice Burroughs is a science fiction novel published in 1913. Professor Arthur Maxon retreats to a remote island in the East Indies to conduct forbidden experiments in creating artificial human life. As he grows increasingly obsessed with perfecting his creations—particularly Number Thirteen—dark forces conspire around him. Pirates, treasure hunters, and his own assistant threaten his daughter Virginia, while the handsome but supposedly soulless Number Thirteen may be her only hope for survival in this Frankenstein-inspired adventure.",1913,261,4.6,1893,"https://www.gutenberg.org/cache/epub/96/pg96.cover.medium.jpg",6
"Flatland","A Romance of Many Dimensions","Edwin Abbott Abbott","British Literature, Novels, Science-Fiction & Fantasy","""Flatland: A Romance of Many Dimensions"" by Edwin Abbott Abbott is a satirical novella published in 1884. The story takes place in a two-dimensional world inhabited by geometric shapes, where social status is determined by the number of one's sides. When a Square encounters beings from other dimensions—including a one-dimensional Lineland and a three-dimensional Spaceland—his understanding of reality is profoundly challenged. Through this imaginative premise, Abbott satirizes Victorian class and gender hierarchies while exploring the concept of dimensions beyond human perception.",1884,538,4.2,1704,"https://www.gutenberg.org/cache/epub/97/pg97.cover.medium.jpg",7
"A Tale of Two Cities","","Charles Dickens","British Literature, Classics Of Literature, Historical Novels","""A Tale of Two Cities"" by Charles Dickens is a historical novel published in 1859. Set in London and Paris during the tumultuous French Revolution, it follows Dr. Alexandre Manette after his mysterious 18-year imprisonment in the Bastille and his reunion with his daughter Lucie. Their lives become entangled with a French aristocrat fleeing his heritage and a dissolute English lawyer who harbors secret devotion. Against the backdrop of revolutionary terror and violence, personal sacrifices and hidden connections shape their intertwined fates.",1859,138,4.7,24245,"https://www.gutenberg.org/cache/epub/98/pg98.cover.medium.jpg",8
"Collected Articles of Frederick Douglass","","Frederick Douglass","African American Writers, Biographies, Essays, Letters & Speeches","""Collected Articles of Frederick Douglass"" by Frederick Douglass is a collection of historical writings and narratives that delve into the author's experiences and reflections on slavery, freedom, and Reconstruction during the mid to late 19th century. The book includes significant pieces, such as ""My Escape from Slavery,"" which recounts Douglass's daring flight to freedom, and his thoughts on the Reconstruction period in the United States following the Civil War. This collection provides a crucial insight into the struggles for civil rights and the fight against the societal and political ramifications of slavery. In ""My Escape from Slavery,"" Douglass shares the intricate details of his escape from Maryland to freedom, describing the fears and dangers he faced, including the constant threat of recapture. He highlights the aid of safe individuals and his clever use of disguises to evade detection. Following this account, the article ""Reconstruction"" discusses the pressing issues of post-war America, emphasizing the importance of rebuilding the nation on principles of equality and justice. Douglass argues for the need to establish a government that truly represents all citizens—regardless of race—while stressing that the legacy of slavery continues to influence societal structures and attitudes. His powerful narratives serve as an eloquent reminder of the ongoing fight for human rights and the responsibilities of governance in creating a just society.",1895,260,4.2,1427,"https://www.gutenberg.org/cache/epub/99/pg99.cover.medium.jpg",6
"The Complete Works of William Shakespeare","","William Shakespeare","British Literature, Classics Of Literature, Plays/Films/Dramas","""The Complete Works of William Shakespeare"" by William Shakespeare is a comprehensive collection containing all of Shakespeare's plays and poems. This standard volume gathers the playwright's entire output, including histories, tragedies, and comedies that have shaped literature for centuries. Some editions feature collaborative works with other writers, though their authorship remains debated. Published by numerous academic presses and major publishers, these collected editions have become prized possessions for book collectors, often released in luxurious leather-bound formats that preserve Shakespeare's timeless literary legacy.",1616,353,4.0,25000,"https://www.gutenberg.org/cache/epub/100/pg100.cover.medium.jpg",7
"The Hacker Crackdown","Law and Disorder on the Electronic Frontier","Bruce Sterling","History - Modern (1750+), Law & Criminology, Computer Crimes","""The Hacker Crackdown: Law and Disorder on the Electronic Frontier"" by Bruce Sterling is a historical account written in the early 1990s. The book explores the burgeoning world of cyberspace and the complex interplay between hackers, law enforcement, and telecommunications companies, particularly highlighting the significant Hacker Crackdown of 1990, during which government agents targeted the electronic underground and its players. The opening portion of the work sets the stage for a discussion on the changing nature of communication technologies and the legal landscape surrounding them, beginning with a significant incident on January 15, 1990, when a massive telephone system failure at AT&T caused widespread disruption. Bruce Sterling outlines the perceptions and fears of law enforcement regarding hackers, revealing a sense of paranoia following the crash, which some suspected was due to malevolent hacking. This part introduces the complicated dynamics between different stakeholders in cyberspace, such as police, telephone companies, and the hacker community, serving as a prelude to a deeper investigation into the events that shaped the digital environment of that era.",1995,382,4.2,2195,"https://www.gutenberg.org/cache/epub/101/pg101.cover.medium.jpg",2
"The Tragedy of Pudd'nhead Wilson","","Mark Twain","American Literature, Classics Of Literature, Novels","""The Tragedy of Pudd'nhead Wilson"" by Mark Twain is a novel published in 1894. Set in a Mississippi River town, it tells the story of two infants—one born into slavery with 1/32 black ancestry, the other white and free—who are secretly switched in their cradles. Each boy grows into the other's social role, setting the stage for a murder mystery that exposes the arbitrary nature of racial categories and the moral corruption beneath small-town respectability.",1894,511,4.0,2446,"https://www.gutenberg.org/cache/epub/102/pg102.cover.medium.jpg",9
"Around the World in Eighty Days","","Jules Verne","Adventure, Best Books Ever Listings, Classics Of Literature","""Around the World in Eighty Days"" by Jules Verne is an adventure novel published in 1872. When London gentleman Phileas Fogg wagers half his fortune that he can circle the globe in eighty days, he embarks on a race against time with his French valet Passepartout. Their journey becomes complicated when a detective mistakes Fogg for a bank robber and pursues them across continents. Along the way, they rescue a young woman and face numerous obstacles that threaten their tight deadline.",1872,225,4.6,25000,"https://www.gutenberg.org/cache/epub/103/pg103.cover.medium.jpg",9
"Inaugural Address of Franklin Delano Roosevelt","Given in Washington, D.C. March 4th, 1933","Franklin D. Roosevelt","Essays, Letters & Speeches, History - American, New Deal, 1933-1939","""Inaugural Address of Franklin Delano Roosevelt"" by Franklin D. Roosevelt is a historical speech given during the early 20th century, specifically in the context of the Great Depression. This address marks the beginning of Roosevelt's presidency and highlights his urgent call for action to address the economic crisis facing the nation. The book serves as a pivotal document reflecting the themes of hope, leadership, and the need for reform during a time of national struggle. In his inaugural address, Roosevelt directly confronts the challenges of the Great Depression, emphasizing that the primary adversary is fear itself. He expresses a deep commitment to restoring the nation's economic health by advocating for immediate governmental intervention and action. Roosevelt outlines various measures to alleviate unemployment and stimulate recovery, stressing the importance of collective effort and national unity. He calls for an end to the unethical practices in banking and business while insisting on the necessary rebalancing of the economy, aiming to restore public confidence and revitalize American society. The address culminates in a pledge of dedicated leadership, asking the nation to rally behind the common purpose of rebuilding and moving forward together.",1933,275,4.1,1413,"https://www.gutenberg.org/cache/epub/104/pg104.cover.medium.jpg",2
"Persuasion","","Jane Austen","British Literature, Novels, Dysfunctional Families","""Persuasion"" by Jane Austen is a novel published in 1817. Eight years after being persuaded to break off her engagement to naval officer Frederick Wentworth, twenty-seven-year-old Anne Elliot encounters him again when his sister rents her family's estate. Now wealthy and eligible, Wentworth mingles with Anne's social circle while she quietly observes, her feelings unchanged. As misunderstandings unfold and new attachments form, the story explores whether second chances at love are possible when pride and past regrets stand between two hearts.",1817,446,4.4,8435,"https://www.gutenberg.org/cache/epub/105/pg105.cover.medium.jpg",2
"Jungle Tales of Tarzan","","Edgar Rice Burroughs","Adventure, British Literature, Science-Fiction & Fantasy","""Jungle Tales of Tarzan"" by Edgar Rice Burroughs is a collection of twelve short stories published in 1919. Set during Tarzan's late teenage years in the African jungle, these tales explore his struggles between his human nature and ape upbringing. The stories follow his relationships with his ape tribe, encounters with neighboring cannibals, confrontations with dangerous animals, and his search for understanding about God and identity. Each adventure reveals the ape-man navigating love, jealousy, vengeance, and survival in the wild.",1919,358,4.5,1720,"https://www.gutenberg.org/cache/epub/106/pg106.cover.medium.jpg",9
"Far from the Madding Crowd","","Thomas Hardy","British Literature, Novels, Didactic Fiction","""Far from the Madding Crowd"" by Thomas Hardy is a novel published in 1874. It follows the independent Bathsheba Everdene, who inherits a farm in rural England and attracts three very different suitors: the faithful shepherd Gabriel Oak, the obsessive gentleman farmer William Boldwood, and the dashing but reckless Sergeant Frank Troy. Set against the backdrop of Victorian farming life, this tale of love, honor, and betrayal explores the consequences of impulsive choices and the complexity of the human heart.",1874,498,4.2,3174,"https://www.gutenberg.org/cache/epub/107/pg107.cover.medium.jpg",5
"The Return of Sherlock Holmes","","Arthur Conan Doyle","British Literature, Crime, Thrillers And Mystery, Short Stories","""The Return of Sherlock Holmes"" by Arthur Conan Doyle is a collection of 13 stories published in 1905. After Holmes's apparent death in 1893's ""The Final Problem,"" Doyle faced intense pressure to revive his famous detective. This collection marks Holmes's dramatic return to London, explaining his mysterious absence from 1891 to 1894. The stories follow Holmes and Watson through new cases involving cryptic codes, missing persons, and dangerous criminals across Victorian England.",1905,470,4.7,25000,"https://www.gutenberg.org/cache/epub/108/pg108.cover.medium.jpg",10
"Renascence, and Other Poems","","Edna St. Vincent Millay","American Literature, Poetry, American Poetry","""Renascence, and Other Poems"" by Edna St. Vincent Millay is a collection of poetry crafted in the early 20th century. This anthology showcases Millay's exploration of themes such as love, loss, nature, and the human condition, reflecting her unique voice and emotional depth. The title poem, ""Renascence,"" stands out for its profound meditation on existence and the interconnectedness of all life. The collection includes a variety of poems that delve into the spectrum of human experiences. ""Renascence"" recounts a personal awakening to the vastness of the universe, igniting the tension between individuality and collective suffering. In ""Interim,"" Millay captures the emptiness following a loved one's departure, while ""The Suicide"" expresses a visceral confrontation with life's struggles. Other poems, like ""God's World"" and ""Afternoon on a Hill,"" celebrate the beauty of nature, contrasting with the sorrow found in ""Ashes of Life."" Overall, Millay's poetry is characterized by its lyrical beauty, poignant emotion, and insightful reflections on the complexities of love and existence.",1950,549,4.0,669,"https://www.gutenberg.org/cache/epub/109/pg109.cover.medium.jpg",7
"Tess of the d'Urbervilles","A Pure Woman","Thomas Hardy","British Literature, Classics Of Literature, Novels","""Tess of the d'Urbervilles: A Pure Woman"" by Thomas Hardy is a novel published in 1891. When a poor country girl discovers her family descends from an ancient noble line, she's sent to claim kinship with wealthy relatives. There she encounters Alec d'Urberville, whose attentions lead to tragedy. Later, working as a milkmaid, Tess finds love with Angel Clare, but her past haunts their future. Set in rural England, this story challenged Victorian morality and explores innocence, guilt, and the harsh judgments society places on women.",1891,285,4.6,6252,"https://www.gutenberg.org/cache/epub/110/pg110.cover.medium.jpg",10
"Freckles","","Gene Stratton-Porter","American Literature, Novels, Indiana","""Freckles"" by Gene Stratton-Porter is a novel written in 1904. A young orphan with only one hand takes a job guarding valuable timber in Indiana's Limberlost Swamp. Initially terrified of the wilderness, Freckles gradually falls in love with nature's beauty while facing threats from timber thieves. His courage is tested when he encounters a mysterious girl he calls the Swamp Angel, and discovers deeper connections with his employer McLean, who offers him something he's never had—family.",1904,146,4.5,1421,"https://www.gutenberg.org/cache/epub/111/pg111.cover.medium.jpg",5
"Violists","","Richard McGowan","Music, Novels, Fathers And Daughters","""Violists"" by Richard McGowan is a novel written during the early 1990s. The story revolves around characters grappling with personal identity, societal expectations, and the world of music, particularly focusing on several intersecting lives in a university library and a struggling music scene. The beginning of the novel introduces Gretchen Haviland, a twenty-nine-year-old librarian, who is reflecting on her life choices, especially her decision to remain single and prioritize her independence over traditional roles. As she navigates her workplace and own insecurities about aging, she develops an intriguing connection with a young professor, Bridwell. Their budding acquaintance progresses through a series of chance encounters in the library until they eventually share a coffee and engaging conversation. Meanwhile, the narrative shifts to Jurgen, a talented violist searching for work after the collapse of the symphony orchestra he was part of, illustrating the struggles of musicians in a competitive environment. The opening portions set the stage for exploring themes of love, ambition, and the longing for connection amid the backdrop of the arts.",1995,440,4.2,3441,"https://www.gutenberg.org/cache/epub/112/pg112.cover.medium.jpg",6
"The Secret Garden","","Frances Hodgson Burnett","British Literature, Children & Young Adult Reading, Classics Of Literature","""The Secret Garden"" by Frances Hodgson Burnett is a children's novel first published in 1911. When orphaned Mary Lennox arrives at her uncle's gloomy Yorkshire manor, she discovers a locked garden that has been abandoned for ten years. As Mary explores this hidden world, she uncovers family secrets and finds an unexpected companion—her bedridden cousin Colin. Together with a nature-loving boy named Dickon, the children nurture the forgotten garden back to life, transforming themselves in the process.",1911,285,4.5,25000,"https://www.gutenberg.org/cache/epub/113/pg113.cover.medium.jpg",8
"The Tenniel Illustrations for Carroll's Alice in Wonderland","","John Tenniel","Children'S Stories, Fantasy Fiction","""The Tenniel Illustrations for Carroll's Alice in Wonderland"" is a notable literary and historical work by John Tenniel, categorized under Children'S Stories, Fantasy Fiction.",1914,231,4.0,2957,"https://www.gutenberg.org/cache/epub/114/pg114.cover.medium.jpg",7
"United States Census Figures Back to 1630","","U.S. Census Bureau","Encyclopedias/Dictionaries/Reference, History - American, Research Methods/Statistics/Information Sys","""United States Census Figures Back to 1630"" by the United States Bureau of the Census is a statistical publication likely compiled in the late 20th century. The work presents historical population data for the United States, extending back to its early colonial days and aiming to provide insights into demographic trends over time. The opening of the publication discusses the methodology behind compiling the census data, including the averaging of figures from various sources and the adjustments made for estimates post-1992. It highlights the significance of understanding these statistics within the context of inflation and population growth, especially as it relates to educational attainment. The authors emphasize the necessity of careful demographic analysis to derive meaningful conclusions from the population figures presented in the accompanying tables, cautioning against oversimplified interpretations of increases or decreases in statistics that do not consider population growth rates.",1630,565,4.8,2094,"https://www.gutenberg.org/cache/epub/115/pg115.cover.medium.jpg",6
"Motion Pictures of the Apollo 11 Lunar Landing","","United States Government","Apollo 11 (Spacecraft), Project Apollo (U.S.), Space Flight To The Moon","""Motion Pictures of the Apollo 11 Lunar Landing"" is a notable literary and historical work by United States Government, categorized under Apollo 11 (Spacecraft), Project Apollo (U.S.), Space Flight To The Moon.",1995,537,4.8,1403,"https://www.gutenberg.org/cache/epub/116/pg116.cover.medium.jpg",10
"Symphony No. 5 in C minor Opus 67","","Ludwig van Beethoven","Music","""Symphony No. 5 in C minor Opus 67"" by Ludwig van Beethoven is a symphony composed between 1804 and 1808. It opens with one of music's most recognizable motifs: four notes often described as ""fate knocking at the door."" Written during a turbulent period marked by Beethoven's increasing deafness and Napoleon's wars, the work premiered in Vienna in 1808. Critics hailed it as profoundly moving, describing how it leads listeners into a ""spirit world of the infinite"" where grief and joy intertwine.",1808,132,4.6,1295,"https://www.gutenberg.org/cache/epub/117/pg117.cover.medium.jpg",10
"Big Dummy's Guide to the Internet","","Electronic Frontier Foundation","How To ..., Computer Networks, Internet","""Big Dummy's Guide to the Internet"" by Electronic Frontier Foundation is a guidebook intended for readers with little to no experience in network communications, written during the early 1990s. The book aims to introduce newcomers to the vast online landscape and provide them with the skills necessary to navigate and utilize the Internet effectively. The opening of the guide sets a welcoming tone for its readers, positioning the Internet as a frontier of communication and information. It opens with a foreword by EFF co-founder Mitchell Kapor, emphasizing the need for accessibility to these emerging technologies. The preface by Adam Gaffin encourages readers to embark on a learning journey, comparing the experience of accessing the Internet to navigating a foreign country. The guide details essential steps for connecting to the Internet, such as setting up hardware and software and introduces the basic concepts of file transfer and online communication. Central to this opening section is the idea of fostering a sense of community, encouraging users to seek help and actively participate in the evolving digital landscape.",1995,172,4.4,1404,"https://www.gutenberg.org/cache/epub/118/pg118.cover.medium.jpg",5
"A Tramp Abroad","","Mark Twain","American Literature, Humour, Travel Writing","""A Tramp Abroad"" by Mark Twain is a work of travel literature published in 1880. The book follows Twain and his companion Harris through Germany, the Alps, and Italy, ostensibly on foot—though they frequently find other means of transport. Twain plays the classic American tourist, confidently misunderstanding everything he encounters. Blending autobiography with fiction, humorous observations with invented German legends, and narratives with satirical essays on topics like ""The Awful German Language,"" this fourth travel book offers a comedic journey through nineteenth-century Europe's landscapes and customs.",1880,352,4.7,2329,"https://www.gutenberg.org/cache/epub/119/pg119.cover.medium.jpg",2
"Treasure Island","","Robert Louis Stevenson","Best Books Ever Listings, Adventure, British Literature","""Treasure Island"" by Robert Louis Stevenson is an adventure novel published in 1883. When young Jim Hawkins discovers a mysterious treasure map in a dead pirate's sea chest, he sets sail with a crew to find Captain Flint's legendary buried gold. But aboard the ship Hispaniola lurks danger: the charming one-legged cook Long John Silver leads a band of mutinous pirates with their own deadly plans. On a remote island filled with treachery and violence, Jim must navigate shifting alliances and mortal threats to survive this perilous quest for fortune.",1883,295,4.7,25000,"https://www.gutenberg.org/cache/epub/120/pg120.cover.medium.jpg",2
"Northanger Abbey","","Jane Austen","British Literature, Classics Of Literature, Novels","""Northanger Abbey"" by Jane Austen is a coming-of-age novel and satire of Gothic fiction completed in 1799 and published posthumously in 1817. The story follows naïve seventeen-year-old Catherine Morland, whose active imagination and fondness for Gothic novels distort her view of reality. When she visits Bath and later stays at the mysterious Northanger Abbey, Catherine's romantic fantasies collide with everyday life, leading to misunderstandings and revelations. Through social entanglements and misjudgments, she must learn to distinguish fiction from reality.",1799,253,4.7,24090,"https://www.gutenberg.org/cache/epub/121/pg121.cover.medium.jpg",2
"The Return of the Native","","Thomas Hardy","British Literature, Classics Of Literature, Novels","""The Return of the Native"" by Thomas Hardy is a novel published in 1878. Set entirely on the wild Egdon Heath over the span of a year, it follows the intertwined fates of several characters trapped by passion and circumstance. When Clym Yeobright returns from Paris, the beautiful but restless Eustacia Vye sees him as her escape from the desolate heath. Their marriage sets off a chain of events involving thwarted desires, family estrangement, and fateful misunderstandings that will test everyone's loyalties and dreams.",1878,254,4.5,2453,"https://www.gutenberg.org/cache/epub/122/pg122.cover.medium.jpg",2
"At the Earth's Core","","Edgar Rice Burroughs","Adventure, Science-Fiction & Fantasy, Science Fiction","""At the Earth's Core"" by Edgar Rice Burroughs is a fantasy novel written in 1914. When mining heir David Innes and inventor Abner Perry test an experimental drilling machine, they accidentally burrow 500 miles into Earth's crust and discover Pellucidar—a hollow world within our planet. This prehistoric land is populated by ancient creatures and dominated by the intelligent but cruel Mahars, who enslave primitive humans. Innes must navigate strange customs, win the heart of Dian the Beautiful, and lead a human revolt against their reptilian overlords.",1914,381,4.3,1461,"https://www.gutenberg.org/cache/epub/123/pg123.cover.medium.jpg",9
"Deuterocanonical Books of the Bible","Apocrypha","Anonymous","History - Ancient, Religion/Spirituality, Christianity","""Deuterocanonical Books of the Bible"" by Anonymous is a collection of ancient texts that form part of the biblical canon for certain Christian traditions, written during the late second temple period. This compilation includes books such as the First and Second Books of Esdras, the Book of Tobit, and others that discuss themes of faith, morality, and the historical struggles of the Jewish people. The opening of the text begins with the First Book of Esdras, recounting the significant events during the reign of King Josias of Judah, particularly focusing on the celebration of Passover. It details the preparations made by the priests and Levites for this sacred observance, highlighting the importance of following the commandments given by Moses. Josias, described as a righteous king, initiates the offering of large numbers of sacrifices, seeking to restore proper worship in Jerusalem. The text emphasizes themes of fidelity to God and the collective memory of the Israelites, setting the stage for the spiritual and political narrative that continues throughout the deuterocanonical writings.",1995,281,4.6,1642,"https://www.gutenberg.org/cache/epub/124/pg124.cover.medium.jpg",4
"A Girl of the Limberlost","","Gene Stratton-Porter","American Literature, Children & Young Adult Reading, Novels","""A Girl of the Limberlost"" by Gene Stratton-Porter is a novel published in August 1909. Set in Indiana's vanishing Limberlost Swamp, it follows Elnora Comstock, an impoverished young woman struggling to attend high school despite her widowed mother's cold neglect and blame. Determined to earn an education, Elnora devises an enterprising scheme selling moths and artifacts from the swamp. Through heartache, betrayal, and emotional disasters, she fights to win her mother's love while pursuing her dreams of learning and independence.",1924,124,4.7,1604,"https://www.gutenberg.org/cache/epub/125/pg125.cover.medium.jpg",3
"The Poison Belt","","Arthur Conan Doyle","British Literature, Novels, Science-Fiction & Fantasy","""The Poison Belt"" by Arthur Conan Doyle is a science fiction novel written in 1913. Professor Challenger summons his companions to his Sussex home with urgent instructions to bring oxygen. He has discovered that Earth is moving into a belt of poisonous ether that threatens to suffocate all life. Sealed in a single room with oxygen cylinders, the group watches helplessly as the world outside succumbs to the deadly phenomenon, leaving them to face an uncertain fate.",1913,568,4.0,1427,"https://www.gutenberg.org/cache/epub/126/pg126.cover.medium.jpg",4
"The number ""e""","","Robert J. Nemiroff, Jerry T. Bonnell","Mathematics, Mathematical Constants","""The number ""e"""" is a notable literary and historical work by Robert J. Nemiroff, Jerry T. Bonnell, categorized under Mathematics, Mathematical Constants.",1995,547,4.6,1333,"https://www.gutenberg.org/cache/epub/127/pg127.cover.medium.jpg",8
"The Arabian Nights Entertainments","","Andrew Lang","Adventure, Mythology, Legends & Folklore, Arabs","""The Arabian Nights Entertainments"" by Andrew Lang is a collection of fairy tales and folk stories compiled during the late 19th century. This work serves as an English translation of the classic tales of ""The Arabian Nights,"" showcasing a variety of enchanting narratives that often involve themes of adventure, love, and moral lessons. The opening chapters introduce significant characters such as Sultan Schahriar and his clever wife, Scheherazade, who narrates the stories to survive the Sultan's deadly decree against women. The opening of the book sets the stage for the intriguing framework of Scheherazade's storytelling as a means of saving her own life and the lives of other women. As she volunteers to marry Sultan Schahriar, who has been executing his brides each day, she devises a clever plan to postpone her fate. Each night, she captivates the Sultan’s attention with an incomplete tale, leaving him curious for more. The first story she tells involves a merchant and a vengeful genius, unfolding into a sequence of stories that eventually weave into a larger narrative tapestry, each revealing the complexity of human nature and the whimsicality of fate.",1912,362,4.8,2650,"https://www.gutenberg.org/cache/epub/128/pg128.cover.medium.jpg",5
"The square root of 2","","Robert J. Nemiroff, Jerry T. Bonnell","Mathematics, Square Root","""The square root of 2"" is a notable literary and historical work by Robert J. Nemiroff, Jerry T. Bonnell, categorized under Mathematics, Square Root.",1995,194,4.5,1753,"https://www.gutenberg.org/cache/epub/129/pg129.cover.medium.jpg",4
"Orthodoxy","","G. K. Chesterton","Philosophy & Ethics, Religion/Spirituality, Christianity","""Orthodoxy"" by G. K. Chesterton is a philosophical exploration written in the late 19th century. In this work, Chesterton responds to critiques of his earlier writings, particularly ""Heretics,"" by presenting his own affirmative philosophy centered on Christian orthodoxy. The text navigates through personal and intellectual reflections to illustrate how he arrived at his beliefs, engaging with themes of tradition, imagination, and the need for a balance between the familiar and the foreign. The beginning of ""Orthodoxy"" sets the stage for Chesterton's journey of self-discovery as he contemplates his philosophical position. He recounts the influence of prior critics and emphasizes the importance of providing an explanation for his faith. He uses a vivid metaphor of a man discovering England, implying that his philosophical journey mirrors a realization of pre-existing truths. Chesterton argues against the modern tendency to deny fundamental human experiences, such as the existence of sin, while asserting the need for a romantic view of the world that combines wonder with a sense of belonging. This opening section establishes a personal narrative intertwined with broader philosophical discussions, ultimately serving as an invitation to readers to reflect on their beliefs.",1936,354,4.6,2206,"https://www.gutenberg.org/cache/epub/130/pg130.cover.medium.jpg",3
"The Pilgrim's Progress from this world to that which is to come","Delivered under the similitude of a dream, by John Bunyan","John Bunyan","British Literature, Classics Of Literature, Novels","""The Pilgrim's Progress from this world to that which is to come"" by John Bunyan is a Christian allegory written in 1678. The story follows Christian, an everyman burdened by sin, as he abandons his home and family to journey from the City of Destruction to the Celestial City atop Mount Zion. Along the way, he encounters treacherous swamps, false guides, and spiritual tests. This dream narrative explores themes of faith, deliverance, and the perils facing those who seek salvation through the narrow path to Heaven.",1678,202,4.1,3805,"https://www.gutenberg.org/cache/epub/131/pg131.cover.medium.jpg",5
"The Art of War","","active 6th century B.C. Sunzi","History - Ancient, History - Warfare, Military Art And Science","""The Art of War"" by active 6th century B.C. Sunzi is an ancient Chinese military treatise dating from the 5th century BC. Composed of 13 chapters, this influential work explores military strategy, tactics, intelligence operations, and the art of warfare. For nearly 1,500 years, it served as the lead text in China's Seven Military Classics. The treatise has shaped military thinking worldwide, inspiring leaders from Mao Zedong to Douglas MacArthur with its timeless principles of strategy and discipline.",1995,265,4.1,11356,"https://www.gutenberg.org/cache/epub/132/pg132.cover.medium.jpg",2
"The Damnation of Theron Ware","","Harold Frederic","Bestsellers, American, 1895-1923, American Literature, Novels","""The Damnation of Theron Ware"" by Harold Frederic is a novel published in 1896. It follows a young Methodist pastor in upstate New York whose sheltered worldview begins to unravel through encounters with a Catholic priest, a man of science, and an artistic woman. As Theron awakens to new intellectual and cultural ideas, he questions his faith, his calling, and everything he once believed. His transformation leads to unexpected consequences that will alter the course of his life forever.",1896,289,4.8,764,"https://www.gutenberg.org/cache/epub/133/pg133.cover.medium.jpg",2
"Maria","or, The Wrongs of Woman","Mary Wollstonecraft","British Literature, Novels, Autobiographical Fiction","""Maria; Or, The Wrongs of Woman"" by Mary Wollstonecraft is a novel written in the late 18th century. This work serves as a poignant exploration of the injustices faced by women in a patriarchal society, narrated through the experiences of the protagonist, Maria, a woman who finds herself imprisoned both physically and emotionally. The book delves into themes of motherhood, oppression, and the struggle for agency in a world that often dismisses women's rights. The opening of the novel introduces Maria in a state of deep despair as she grapples with the anguish of separation from her child and the oppressive circumstances imposed upon her by her tyrannical husband. She reflects intensely on her situation, torn by feelings of grief and indignation while contemplating her potential escape. The narrative sets the stage for Maria's interactions with other characters, including Jemima, her guard, who becomes a crucial figure in Maria's journey toward reclaiming her autonomy. As Maria expresses her thoughts and emotions, the reader is drawn into her internal conflict and the broader social commentary on women's roles, resilience, and the yearning for freedom.",1797,463,4.8,1940,"https://www.gutenberg.org/cache/epub/134/pg134.cover.medium.jpg",2
"Les Misérables","","Victor Hugo","Classics Of Literature, French Literature, Historical Novels","""Les Misérables"" by Victor Hugo is a French epic historical novel published in 1862. Beginning in 1815 and culminating in the 1832 June Rebellion in Paris, it follows ex-convict Jean Valjean's struggle for redemption. The novel explores the nature of law and grace, examining themes of justice, poverty, and love through the lives of interconnected characters in nineteenth-century France. Considered one of the greatest novels of its century, it depicts society's most downtrodden members and their fight for dignity.",1862,427,4.7,14648,"https://www.gutenberg.org/cache/epub/135/pg135.cover.medium.jpg",4
"A Child's Garden of Verses","","Robert Louis Stevenson","British Literature, Children & Young Adult Reading, Poetry","""A Child's Garden of Verses"" by Robert Louis Stevenson is a collection of 64 poems published in 1885. Written from a child's perspective, these verses capture the wonder and imagination of childhood through the eyes of young speakers. The Scottish author dedicated this influential work to his childhood nurse, Alison Cunningham. The collection has been reprinted countless times in illustrated editions and widely imitated, establishing itself as one of the most significant children's literary works of the 19th century.",1885,222,4.2,1010,"https://www.gutenberg.org/cache/epub/136/pg136.cover.medium.jpg",3
"Sara Crewe","or, What Happened at Miss Minchin's Boarding School","Frances Hodgson Burnett","British Literature, Children & Young Adult Reading, Novels","""Sara Crewe; Or, What Happened at Miss Minchin's Boarding School"" by Frances Hodgson Burnett is a novel written during the late 19th century, falling within the Victorian era. The story explores themes of resilience, social class, and imagination as it follows a young girl named Sara Crewe who faces the harsh realities of life at a boarding school after losing her father and her fortune. The novel presents a critique of social injustice while highlighting Sara's indomitable spirit and her ability to maintain her identity and kindness despite her circumstances. The narrative centers on Sara Crewe, a bright and imaginative girl raised in India by her father, a wealthy captain. After her father passes away and her fortune is lost, Sara is forced to live in the attic of Miss Minchin's boarding school, where she is mistreated and reduced from a favored pupil to a servant. Despite her struggles, Sara maintains her grace and optimism through her vivid imagination, often envisioning herself as a princess. Throughout the story, her kindness and compassion for others, including a beggar child she encounters, ultimately lead to a transformative turn of events when her father's friend discovers her plight. The novel culminates in Sara regaining her fortune and finding a loving guardian, illustrating the triumph of goodness and resilience over adversity.",1924,217,4.7,1047,"https://www.gutenberg.org/cache/epub/137/pg137.cover.medium.jpg",9
"George Sand","Some Aspects of Her Life and Writings","René Doumic","Biographies, French Literature, Sand, George, 1804-1876","""George Sand: Some Aspects of Her Life and Writings"" by René Doumic is an analytical account focused on the life and literary contributions of the influential French novelist George Sand, written in the early 20th century. The work delves into various aspects of Sand's life, exploring her dual heritage, personal relationships, and the profound impact she had on modern thought and feminist ideals. The opening of the book introduces Aurore Dupin, who later became known as George Sand, highlighting the contrasting influences of her aristocratic paternal lineage and her working-class maternal roots. Doumic describes her childhood environment, illustrating how the rivalry between her mother and grandmother shaped her early life and emotional landscape. It goes on to summarize her tumultuous upbringing, her tender bond with nature, and the conflicts that defined her early personality traits, setting the stage for her later revolutionary ideas and literary achievements. This rich tapestry of personal history serves as a foundation for understanding her journey into becoming one of the most significant literary figures of her time.",1937,274,4.8,1528,"https://www.gutenberg.org/cache/epub/138/pg138.cover.medium.jpg",3
"The Lost World","","Arthur Conan Doyle","Adventure, British Literature, Novels","""The Lost World"" by Arthur Conan Doyle is an adventure and science fiction novel published in 1912. When journalist Edward Malone seeks a dangerous assignment to prove himself, he joins the formidable Professor Challenger on an expedition to a remote South American plateau. There, the team encounters living dinosaurs, prehistoric creatures, and hostile ape-men in a hidden world lost to time. Stranded by treachery and facing unknown dangers, the explorers must survive in this extraordinary land where ancient life still thrives.",1912,202,4.6,25000,"https://www.gutenberg.org/cache/epub/139/pg139.cover.medium.jpg",10
"The Jungle","","Upton Sinclair","Bestsellers, American, 1895-1923, American Literature, Novels","""The Jungle"" by Upton Sinclair is a novel published in 1906. It follows Lithuanian immigrant Jurgis Rudkus and his family as they pursue the American Dream in Chicago's meatpacking district. What begins as hopeful optimism quickly descends into a brutal struggle against exploitation, corruption, and poverty. Working in dangerous conditions for meager wages, the family faces mounting tragedies and moral tests. Sinclair's exposé of unsanitary practices in the meat industry sparked public outrage and led to landmark food safety legislation.",1906,265,4.1,4454,"https://www.gutenberg.org/cache/epub/140/pg140.cover.medium.jpg",9
"Mansfield Park","","Jane Austen","British Literature, Novels, Adoptees","""Mansfield Park"" by Jane Austen is a novel first published in 1814. Ten-year-old Fanny Price is sent from her impoverished home to live with her wealthy aunt and uncle at Mansfield Park, where she endures years of mistreatment. As she grows into adulthood, Fanny navigates complex family dynamics, romantic entanglements, and moral dilemmas. When the charming Henry Crawford pursues her, Fanny must decide between social advancement and her own principles, while those around her make choices that will test their values and reshape their lives.",1814,495,4.6,5401,"https://www.gutenberg.org/cache/epub/141/pg141.cover.medium.jpg",2
"The $30,000 Bequest, and Other Stories","","Mark Twain","American Literature, Humour, Short Stories","""The $30,000 Bequest, and Other Stories"" by Mark Twain is a collection of thirty comic short stories published in 1906. Spanning nearly four decades of Twain's career, from 1865 to 1904, these tales showcase his signature humor and satirical wit. The collection includes the titular story alongside earlier works like ""Advice to Young Girls"" and ""A Burlesque Biography."" Published by Harper and Brothers, this volume brought together previously published pieces with minimal revision from their original forms.",1906,130,4.7,1700,"https://www.gutenberg.org/cache/epub/142/pg142.cover.medium.jpg",3
"The Mayor of Casterbridge","","Thomas Hardy","British Literature, Classics Of Literature, Novels","""The Mayor of Casterbridge"" by Thomas Hardy is a novel published in 1886. In a drunken moment at a country fair, young hay-trusser Michael Henchard auctions off his wife and infant daughter to a stranger. Years later, filled with remorse and now a successful mayor, Henchard attempts to rebuild his life when his past returns unexpectedly. This tale follows his struggles with ambition, rivalry, and the consequences of his fateful decision in rural England.",1886,250,4.1,2083,"https://www.gutenberg.org/cache/epub/143/pg143.cover.medium.jpg",7
"The Voyage Out","","Virginia Woolf","British Literature, Novels, Bildungsromans","""The Voyage Out"" by Virginia Woolf is a novel published in 1915. Rachel Vinrace embarks on a sea voyage to South America aboard her father's ship, launching a journey of self-discovery among a mismatched group of Edwardian passengers. As Rachel travels from her sheltered London life toward intellectual freedom and awakening consciousness, Woolf satirizes society while exploring themes of feminine identity, sexuality, and mortality. This debut novel contains the seeds of Woolf's later innovative style and introduced the character Clarissa Dalloway, who would become central to a future masterpiece.",1915,397,4.5,2555,"https://www.gutenberg.org/cache/epub/144/pg144.cover.medium.jpg",6
"Middlemarch","","George Eliot","Best Books Ever Listings, British Literature, Classics Of Literature","""Middlemarch"" by George Eliot is a novel published in 1871-1872. Set in a fictional English Midlands town from 1829 to 1832, it weaves together multiple intersecting stories exploring the status of women, marriage, idealism, and political reform. The narrative follows Dorothea Brooke's search for purpose, Dr. Lydgate's medical ambitions, and several other inhabitants navigating love, debt, scandal, and social change against the backdrop of the approaching Reform Act of 1832.",1871,380,4.7,25000,"https://www.gutenberg.org/cache/epub/145/pg145.cover.medium.jpg",3
"A Little Princess","Being the whole story of Sara Crewe now told for the first time","Frances Hodgson Burnett","British Literature, Children & Young Adult Reading, Novels","""A Little Princess"" by Frances Hodgson Burnett is a children's novel published in 1905. When young Sara Crewe arrives at a London boarding school as a privileged pupil, she wins hearts with her imagination and kindness. But a sudden tragedy strips away her fortune, transforming her from pampered princess to starving servant. As the cruel headmistress exploits her and hardship tests her spirit, Sara clings to one belief: true nobility comes from character, not wealth. A mysterious benefactor watches from next door, harboring secrets that could change everything.",1905,447,4.2,4472,"https://www.gutenberg.org/cache/epub/146/pg146.cover.medium.jpg",6
"Common Sense","","Thomas Paine","Essays, Letters & Speeches, History - American, History - British","""Common Sense"" by Thomas Paine is a pamphlet published in January 1776 advocating independence from Great Britain for the Thirteen Colonies. Written in clear, persuasive prose, Paine presents moral and political arguments to encourage common people to fight for egalitarian government. Published anonymously at the American Revolution's beginning, it became an immediate sensation—the best-selling American title of all time. Paine connected independence with Protestant beliefs and structured his work like a sermon, making the first serious case for full independence when reconciliation still dominated colonial thinking.",1809,147,4.8,7710,"https://www.gutenberg.org/cache/epub/147/pg147.cover.medium.jpg",2
"The Autobiography of Benjamin Franklin","","Benjamin Franklin","American Literature, Biographies, History - American","""The Autobiography of Benjamin Franklin"" by Benjamin Franklin is an unfinished memoir written between 1771 and 1790. Divided into four parts, Franklin chronicles his journey from childhood through age 52, recounting his apprenticeship with his brother, his escape to Philadelphia, and his rise as a printer and entrepreneur. He details his famous pursuit of moral perfection through thirteen virtues and shares the founding of institutions like the Library Company of Philadelphia. This influential work became one of history's most celebrated autobiographies.",1790,340,4.4,2917,"https://www.gutenberg.org/cache/epub/148/pg148.cover.medium.jpg",2
"The Lost Continent","","Edgar Rice Burroughs","Adventure, American Literature, Novels","""The Lost Continent"" by Edgar Rice Burroughs is a novel likely written in the early 20th century. The story is set in a post-apocalyptic future where the Eastern Hemisphere has been cut off from the West for over 200 years following a devastating war. The narrative revolves around Lieutenant Jefferson Turck, a naval officer of the Pan-American Federation, who embarks on a journey beyond the borders set by his civilization, seeking to uncover the mysteries of a long-lost and savage Europe. At the start of the book, Jefferson Turck reflects on the isolation of Europe and the consequences of the Great War that left it abandoned and forgotten. When his ship, the Coldwater, suffers mechanical failures, Turck finds himself crossing the forbidden line into this unknown territory. After a harrowing experience at sea, he and a few crew members wash ashore in a wild and dangerous land. As they navigate this savage world, they encounter exotic beasts and primitive tribes, revealing that civilization has regressed into a state of brutality and ignorance, far removed from the advanced society Turck knows. The opening sets the stage for a gripping adventure filled with peril, exploration, and the struggle to survive amidst the remnants of a once-great civilization.",1950,252,4.7,25000,"https://www.gutenberg.org/cache/epub/149/pg149.cover.medium.jpg",4
"The Republic","","Plato","Classics Of Literature, Philosophy & Ethics, Justice","""The Republic"" by Plato is a Socratic dialogue written around 375 BC. Through conversations between Socrates and various Athenians, this influential philosophical work explores the meaning of justice and whether the just person is happier than the unjust. Socrates examines existing governments and proposes a utopian city-state ruled by philosopher-kings. The dialogue also delves into aging, love, the immortality of the soul, and poetry's role in society, creating one of history's most enduring works of philosophy and political theory.",-348,535,4.6,2224,"https://www.gutenberg.org/cache/epub/150/pg150.cover.medium.jpg",4
"The Rime of the Ancient Mariner","","Samuel Taylor Coleridge","British Literature, Classics Of Literature, Poetry","""The Rime of the Ancient Mariner"" by Samuel Taylor Coleridge is a poem written in 1797–98. A weathered sailor stops a wedding guest to share his haunting tale of a sea voyage gone terribly wrong. After shooting an albatross, the mariner faces supernatural punishment and watches his crew perish. He must wander the earth forever, compelled to retell his story as penance. The poem explores guilt, redemption, and the consequences of violating nature through vivid narrative and supernatural imagery.",1797,217,4.2,2448,"https://www.gutenberg.org/cache/epub/151/pg151.cover.medium.jpg",8
"Wild Justice","","Ruth M. Sprague","Gender & Sexuality Studies, Humour, Novels","""WILD JUSTICE"" by Ruth M. Sprague is a fiction novel written in the early 1990s. The book centers on the plight of Professor Diana Trenchant, who faces an unjust termination hearing after being accused of falsifying student evaluations while the university administration appears to condone far worse offenses among its male faculty. Through a blend of humor and indignation, Sprague seeks to expose the systematic sexism ingrained in academic institutions and the often disingenuous practices that protect the status quo. At the start of the story, readers are introduced to Diana Trenchant, an experienced professor who is shocked to find herself at the center of a termination hearing instigated by the committee at Belmont University. The opening chapters set the stage for her defense, revealing the skewed dynamics between faculty and administration, as well as the petty motivations driving the accusations against her. Key administrators, such as Henry Tarbuck and Lyle Stone, are depicted as self-serving figures aiming to discredit Trenchant while maintaining their own questionable positions. Other characters, like Professor Jonathan Bambridge, serve as a reminder of the complicity often found in academia. As the hearing unfolds, it becomes increasingly clear that Diana's case is less about her actions and more about entrenched gender biases and institutional power struggles.",1995,190,4.2,1904,"https://www.gutenberg.org/cache/epub/152/pg152.cover.medium.jpg",10
"Jude the Obscure","","Thomas Hardy","British Literature, Novels, Adultery","""Jude the Obscure"" by Thomas Hardy is a novel published in 1895. It follows Jude Fawley, a working-class stonemason who dreams of becoming a scholar at Christminster. His ambitions become entangled with his passionate but troubled relationship with his cousin, Sue Bridehead. Through failed marriages, social ostracism, and personal tragedy, the novel explores the crushing weight of Victorian society's institutions—particularly marriage, religion, and class barriers—on those who dare to defy convention.",1895,397,4.0,2712,"https://www.gutenberg.org/cache/epub/153/pg153.cover.medium.jpg",2
"The Rise of Silas Lapham","","William Dean Howells","American Literature, Novels, Contemporary Reviews","""The Rise of Silas Lapham"" by William Dean Howells is a realist novel published in 1885. The story follows self-made businessman Silas Lapham, who builds a fortune in the paint industry but struggles to gain acceptance in Boston's aristocratic society. As the Laphams pursue social status through their daughters' prospects, a complicated romantic triangle emerges when Tom Corey, from an old-money family, takes interest in the family. Financial pressures mount while moral dilemmas test Silas's integrity, forcing him to choose between wealth and principle.",1885,552,4.0,1411,"https://www.gutenberg.org/cache/epub/154/pg154.cover.medium.jpg",6
"The Moonstone","","Wilkie Collins","British Literature, Crime, Thrillers And Mystery, Novels","""The Moonstone"" by Wilkie Collins is a novel published in 1868. A cursed Indian diamond, stolen during a colonial siege, arrives as an inheritance for young Rachel Verinder on her eighteenth birthday. That night, the precious stone vanishes from her bedroom, launching a complex investigation involving suspicious servants, mysterious Indian priests, and shocking betrayals. This pioneering detective story unfolds through multiple narrators, each revealing new layers of deception as they race to solve the theft and recover the legendary gem.",1868,232,4.6,25000,"https://www.gutenberg.org/cache/epub/155/pg155.cover.medium.jpg",10
"Symphony No. 5 in C minor, Opus 67","","Ludwig van Beethoven","Art, Music","""Symphony No. 5 in C minor, Opus 67"" by Ludwig van Beethoven is a symphony composed between 1804 and 1808. Opening with one of music's most recognizable motifs—a distinctive four-note ""short-short-short-long"" pattern often described as ""fate knocking at the door""—this work has become a cornerstone of Western classical music. Written during Beethoven's increasing deafness and the turbulent Napoleonic era, the symphony premiered in Vienna in 1808 to a mixed reception, but soon achieved legendary status through its dramatic power and emotional depth.",1808,449,4.8,1775,"https://www.gutenberg.org/cache/epub/156/pg156.cover.medium.jpg",8
"Daddy-Long-Legs","","Jean Webster","American Literature, Novels, School Stories","""Daddy-Long-Legs"" by Jean Webster is an epistolary novel published in 1912. It follows Jerusha ""Judy"" Abbott, an orphan sent to college by a mysterious benefactor she has never seen. Through monthly letters addressed to the anonymous ""Daddy-Long-Legs,"" Judy chronicles her transformation from institutionalized orphan to educated young woman. As she navigates college life, friendships, and her dreams of becoming a writer, Judy remains unaware of her benefactor's true identity—a revelation that will ultimately change everything.",1912,254,4.8,1649,"https://www.gutenberg.org/cache/epub/157/pg157.cover.medium.jpg",4
"Emma","","Jane Austen","British Literature, Novels, Bildungsromans","""Emma"" by Jane Austen is a novel published in December 1815. Set in the village of Highbury, it follows Emma Woodhouse, a privileged young woman who fancies herself a matchmaker. Confident in her abilities, Emma meddles in the romantic lives of those around her, particularly her new friend Harriet Smith. But her misguided interventions lead to misunderstandings, hurt feelings, and unexpected revelations. Through a series of social missteps and romantic entanglements, Emma must confront her own blindness about matters of the heart.",1817,438,4.1,11648,"https://www.gutenberg.org/cache/epub/158/pg158.cover.medium.jpg",10
"The island of Doctor Moreau","","H. G. Wells","Best Books Ever Listings, British Literature, Novels","""The Island of Doctor Moreau"" by H. G. Wells is a science fiction novel published in 1896. Shipwrecked scientist Edward Prendick finds himself stranded on a remote island inhabited by Doctor Moreau, a disgraced physiologist conducting horrific experiments. Through vivisection, Moreau transforms animals into human-like creatures called the Beast Folk, who struggle to maintain their humanity under a strict code of laws. As Prendick uncovers the dark secrets of the island, he confronts questions about the boundaries of science, the nature of human identity, and the price of unchecked ambition.",1896,291,4.3,4028,"https://www.gutenberg.org/cache/epub/159/pg159.cover.medium.jpg",8
"The Awakening, and Selected Short Stories","","Kate Chopin","American Literature, Classics Of Literature, Novels","""The Awakening"" by Kate Chopin is a novel that likely dates from the late 19th century. It revolves around Edna Pontellier, a young married woman who experiences a profound transformation during a summer at Grand Isle, leading her to question the constraints of her society and her roles as a wife and mother. The story explores themes of identity, independence, and the struggle against societal norms. The opening of ""The Awakening"" introduces us to Edna Pontellier and her husband Léonce during their summer stay at Grand Isle. As Léonce attempts to enjoy his Sunday morning, the sounds of the island—especially the chatter of children and the call of birds—surround him. When Edna arrives with Robert Lebrun, tensions arise as Léonce expresses concern for Edna's sunburn and her adventurous spirit. As their summer unfolds, Edna grapples with feelings of confinement in her roles and begins to reflect on her identity, hinting at the inner turmoil that will shape her journey through the novel. The dynamics between Edna, Léonce, and Robert hint at deeper emotional complexities and foreshadow her quest for self-discovery.",1904,171,4.5,22933,"https://www.gutenberg.org/cache/epub/160/pg160.cover.medium.jpg",7
"Sense and Sensibility","","Jane Austen","British Literature, Classics Of Literature, Novels","""Sense and Sensibility"" by Jane Austen is a novel published in 1811. When the Dashwood sisters are forced from their family estate into reduced circumstances, they face romantic trials that test their contrasting natures. Sensible Elinor guards her feelings while passionate Marianne wears her heart openly. Both encounter love, disappointment, and betrayal as suitors prove honorable or false. Through heartbreak and revelation, the sisters must navigate society's demands while discovering what truly matters in matters of the heart.",1811,422,4.0,25000,"https://www.gutenberg.org/cache/epub/161/pg161.cover.medium.jpg",5
"Take Me for a Ride","Coming of Age in a Destructive Cult","Mark E. Laxer","Biographies, Psychiatry/Psychology, Religion/Spirituality","""Take Me for a Ride: Coming of Age in a Destructive Cult"" by Mark E. Laxer is a memoir that provides an insightful account of the author's experiences within a cult environment during the late 20th century. The book delves into the complex dynamics of cult life, exploring the psychological and emotional challenges faced by young individuals who are drawn to charismatic leaders and the promises of spiritual awakening and community. At the start of the narrative, Laxer recounts his initial interactions with Atmananda, the leader of the cult, exploring the heady allure of seeking enlightenment and belonging amidst personal struggles at home. He reflects on his teenage roots and the events that led him to embrace Atmananda's teachings. The opening chapters illustrate his internal conflict as he balances the excitement of newfound spiritual insights with growing doubts about the cult's ideology and practices. Laxer's journey underscores themes of self-doubt, the search for identity, and the struggle to break free from manipulation and control, setting the stage for a compelling exploration of personal growth against the backdrop of a destructive environment.",1995,481,4.0,2790,"https://www.gutenberg.org/cache/epub/162/pg162.cover.medium.jpg",5
"Flower Fables","","Louisa May Alcott","American Literature, Children & Young Adult Reading, Mythology, Legends & Folklore","""Flower Fables"" by Louisa May Alcott is a collection of enchanting tales written in the mid-19th century. These fables explore themes of kindness, love, and moral lessons through the whimsical adventures of fairies and other mystical beings, each story conveying important virtues as they interact with the world around them. The opening portion of ""Flower Fables"" introduces readers to a vibrant fairyland where fairies gather under the summer moon to share stories. The main fairy, Violet, reveals the plight of her realm, which is threatened by the cruel Frost-King. As she expresses her desire to save the flowers from his cold grasp, the fairies engage in a council to find a solution. Violet bravely volunteers to confront the Frost-King, believing that love can thaw his icy heart. This sets the stage for a tale about the power of love and sacrifice, emphasizing the importance of compassion and selflessness in overcoming adversity.",1888,284,4.8,1410,"https://www.gutenberg.org/cache/epub/163/pg163.cover.medium.jpg",8
"Twenty Thousand Leagues under the Sea","","Jules Verne","Adventure, Classics Of Literature, French Literature","""Twenty Thousand Leagues under the Sea"" by Jules Verne is a science fiction adventure novel serialized from 1869 to 1870. When ships worldwide report encounters with a mysterious sea monster, an American expedition sets out to destroy it. Professor Aronnax, harpooner Ned Land, and servant Conseil discover the creature is actually a futuristic submarine commanded by the enigmatic Captain Nemo. Held captive aboard the Nautilus, they embark on an extraordinary underwater journey, witnessing marvels and mysteries beneath the waves while uncovering their captor's dark past.",1905,343,4.4,25000,"https://www.gutenberg.org/cache/epub/164/pg164.cover.medium.jpg",2
"McTeague","A Story of San Francisco","Frank Norris","American Literature, Novels, Avarice","""McTeague: A Story of San Francisco"" by Frank Norris is a novel published in 1899. It follows a San Francisco dentist and his wife as their marriage disintegrates into violence and tragedy, driven by jealousy, greed, and obsession with money. When McTeague loses his dental practice through betrayal, the couple descends into poverty while his wife's miserly hoarding intensifies. Their story builds toward a devastating climax in the desolate wasteland of Death Valley, where past grievances and stolen gold lead to a final, haunting confrontation.",1899,150,4.1,2063,"https://www.gutenberg.org/cache/epub/165/pg165.cover.medium.jpg",8
"Summer","","Edith Wharton","American Literature, Novels, Berkshire Hills (Mass.)","""Summer"" by Edith Wharton is a novel published in 1917. Set in rural New England, it follows seventeen-year-old Charity Royall, who longs to escape her small mountain town and her guardian's oppressive home. When a charming young architect arrives, Charity experiences passion and possibility beyond her constrained world. But their romance leads to consequences that force her to confront harsh realities about class, desire, and survival. This controversial coming-of-age story explores a young woman's sexual awakening and the difficult choices she must make.",1917,473,4.7,1908,"https://www.gutenberg.org/cache/epub/166/pg166.cover.medium.jpg",10
"American Hand Book of the Daguerreotype","","S. D. Humphrey","Art, Engineering & Technology, How To ...","""American Hand Book of the Daguerreotype"" by S. D. Humphrey is a scientific publication written during the mid-19th century. The book serves as a practical manual for amateurs and professionals in the emerging field of photography, particularly focusing on the daguerreotype process, a pioneering photographic technique of the time. The opening portion of the book establishes its intent to provide detailed and reliable methods for mastering the art of daguerreotype photography. Humphrey emphasizes the importance of precise procedures, such as properly polishing and coating the daguerreotype plate, and he provides intricate instructions for each step of the process. The initial chapters outline crucial techniques like buffing the plate, developing images using mercury vapors, and maintaining chemical balance, which are essential for achieving successful photographic results. Furthermore, the author introduces the reader to necessary chemicals, equipment, and precautionary measures, setting the stage for a comprehensive guide aimed at enhancing skills in this complex and delicate art form.",1883,539,4.4,709,"https://www.gutenberg.org/cache/epub/167/pg167.cover.medium.jpg",8
"The History and Practice of the Art of Photography","","Henry Hunt Snelling","Art, History - Modern (1750+), How To ...","""The History and Practice of the Art of Photography"" by Henry Hunt Snelling is a historical and instructional publication written in the mid-19th century. The book explores the methods, techniques, and history underpinning early photographic practices, particularly focusing on the Daguerreotype process and related technologies. It is intended to provide aspiring photographers and Daguerreotypists with comprehensive instructions on successfully practicing this groundbreaking art form. At the start of the book, Snelling expresses the need for a practical guide that addresses the deficiencies of existing English works on photography, particularly for beginners. He introduces the origins and evolution of the art of photography, discussing various key figures and inventions that led to its development. The opening chapters set the foundation for understanding the complex interplay of chemistry and artistry in photography, providing insights into both the historical context of its invention and practical advice for aspiring practitioners looking to delve into the art form.",1897,545,4.6,2957,"https://www.gutenberg.org/cache/epub/168/pg168.cover.medium.jpg",6
"The Well at the World's End","A Tale","William Morris","Adventure, British Literature, Novels","""The Well at the World's End: A Tale"" by William Morris is a high fantasy novel first published in 1896. Ralph, the youngest son of a king, defies his father's wishes and embarks on a quest for adventure. His journey leads him through perilous encounters, forbidden love, and the pursuit of a legendary well whose waters grant extraordinary powers. Accompanied by the maiden Ursula, Ralph must navigate treachery, battle evil lords, and ultimately fight to reclaim his homeland and secure his destiny.",1896,191,4.2,1740,"https://www.gutenberg.org/cache/epub/169/pg169.cover.medium.jpg",3
"The Haunted Hotel","A Mystery of Modern Venice","Wilkie Collins","British Literature, Crime, Thrillers And Mystery, Novels","""The Haunted Hotel: A Mystery of Modern Venice"" by Wilkie Collins is a mystery novel written during the late 19th century. The story centers around Doctor Wybrow, a renowned London physician, who encounters a mysterious lady seeking his help concerning her mental state, while hints of a deeper intrigue involving her unexpected marriage, her troubled past, and the enigmatic circumstances surrounding her fiancé emerge. The beginning of the novel introduces Doctor Wybrow as he reluctantly agrees to see a foreign lady, described with a ghostly pallor and striking black eyes, who fears she may be going mad. She tells the doctor about her impending marriage to a man who was previously engaged to another woman, prompting her to feel a strange, foreboding sense of dread upon meeting that woman. The opening sets a tone of suspense and curiosity, as the doctor grapples with the peculiar nature of his patient while the dark undertones of her narrative unfold, hinting at the supernatural and moral complexities that will likely permeate the story.",1889,281,4.2,1320,"https://www.gutenberg.org/cache/epub/170/pg170.cover.medium.jpg",7
"Charlotte Temple","","Mrs. Rowson","British Literature, Novels, Betrayal","""Charlotte Temple"" by Mrs. Rowson is a novel originally published in England in 1791. It tells the story of fifteen-year-old Charlotte Temple, a schoolgirl seduced by a British officer who persuades her to run away with him to America. There, abandoned while pregnant and penniless, Charlotte faces devastating consequences. The novel became a bestseller in America, going through over 200 editions, and belongs to the seduction novel genre that captivated early American readers with its cautionary tale of youthful innocence betrayed.",1791,127,4.3,1535,"https://www.gutenberg.org/cache/epub/171/pg171.cover.medium.jpg",3
"The Haunted Bookshop","","Christopher Morley","Bibliomania, American Literature, Novels","""The Haunted Bookshop"" by Christopher Morley is a novel published in 1919. Set in Brooklyn near the end of World War I, this bibliomystery follows young advertising man Aubrey Gilbert as he becomes entangled with eccentric bookseller Roger Mifflin and his shop. When mysterious disappearances, midnight visitors, and suspicious activities surround the bookstore and Mifflin's assistant Titania Chapman, Gilbert suspects a sinister plot is unfolding. As strange events escalate, the true conspiracy proves far more dangerous than anyone imagined.",1919,518,4.2,1388,"https://www.gutenberg.org/cache/epub/172/pg172.cover.medium.jpg",8
"The Insidious Dr. Fu Manchu","","Sax Rohmer","British Literature, Crime, Thrillers And Mystery, Novels","""The Insidious Dr. Fu Manchu"" by Sax Rohmer is a novel published in 1913. When Nayland Smith arrives unexpectedly from Burma, Dr. Petrie learns of a sinister threat: the brilliant Chinese criminal Dr. Fu Manchu is targeting men connected to India. Through London's opium dens and English country estates, Smith pursues this master poisoner and chemist, who leads a mysterious ""Third Party"" and seeks to capture Europe's best engineers for an unknown purpose. But Fu Manchu proves a cunning adversary who outwits his pursuers at every turn.",1913,415,4.3,25000,"https://www.gutenberg.org/cache/epub/173/pg173.cover.medium.jpg",4
"The Picture of Dorian Gray","","Oscar Wilde","British Literature, Classics Of Literature, Novels","""The Picture of Dorian Gray"" by Oscar Wilde is a philosophical fiction and Gothic horror novel published in 1890. When a beautiful young man wishes that his portrait would age instead of himself, his desire becomes terrifyingly real. As Dorian pursues a life of pleasure and moral corruption, he remains eternally youthful while his painted image transforms into a horrifying record of his sins. Wilde explores beauty, morality, and the dangerous influence of hedonistic philosophy in this tale of vanity and its consequences.",1890,157,4.7,23042,"https://www.gutenberg.org/cache/epub/174/pg174.cover.medium.jpg",4
"The Phantom of the Opera","","Gaston Leroux","Crime, Thrillers And Mystery, French Literature, Novels","""The Phantom of the Opera"" by Gaston Leroux is a Gothic horror novel first published in 1909-1910. Set beneath the grand Paris Opera House, the story follows a mysterious, disfigured figure known as the Phantom who haunts the theater's depths. When he becomes obsessed with a young soprano named Christine Daaé, a dangerous love triangle emerges involving her childhood friend Raoul. As the Phantom's demands grow more violent and his jealousy intensifies, Christine finds herself trapped between two worlds—one above ground, one in the shadows below.",1909,450,4.8,25000,"https://www.gutenberg.org/cache/epub/175/pg175.cover.medium.jpg",7
"Roderick Hudson","","Henry James","American Literature, Novels, Americans","""Roderick Hudson"" by Henry James is a novel published in 1875. Wealthy Boston art patron Rowland Mallet discovers a talented young sculptor and sponsors his artistic education in Rome. But Rowland's generous act becomes complicated when he falls in love with the sculptor's fiancée. As Roderick's talent flourishes, he becomes entangled with Christina Light, a beautiful woman pursued by European nobility. Rowland must navigate his own suppressed desires while watching his protégé's life spiral toward crisis in Italy's artistic circles.",1875,223,4.6,1370,"https://www.gutenberg.org/cache/epub/176/pg176.cover.medium.jpg",7
"The American","","Henry James","American Literature, Novels, Americans","""The American"" by Henry James is a novel published in 1877. Christopher Newman, a wealthy American businessman, travels to Europe seeking culture and a refined wife. He falls for Claire de Cintré, a young widow from an aristocratic Parisian family. But Newman's honest American spirit collides with Old World class prejudices and dark family secrets. As romance blooms and complications mount, he must navigate the treacherous divide between New World optimism and European sophistication in this tale of international manners and mismatched worlds.",1877,420,4.4,1530,"https://www.gutenberg.org/cache/epub/177/pg177.cover.medium.jpg",10
"Confidence","","Henry James","American Literature, Novels, Romance","""Confidence"" by Henry James is a novel first published in 1879. This light comedy follows artist Bernard Longueville, who is asked by his friend, scientist Gordon Wright, to judge whether he should marry the enigmatic Angela Vivian. Bernard advises against the match, setting off a chain of romantic entanglements and misunderstandings. Years later, Bernard encounters Angela again and discovers his own feelings have changed. The story explores how people deceive themselves and questions whether life can be governed by rational principles.",1879,431,4.2,599,"https://www.gutenberg.org/cache/epub/178/pg178.cover.medium.jpg",4
"The Europeans","","Henry James","American Literature, Classics Of Literature, Novels","""The Europeans"" by Henry James is a novel published in 1878. Two sophisticated European siblings arrive in puritanical New England to meet their distant American cousins. Eugenia seeks a wealthy husband after her morganatic marriage faces dissolution, while her brother Felix embraces their relatives' simpler life. Cultural clash and romantic entanglements unfold as European worldliness meets New England propriety. Felix falls for his cousin Gertrude, but misunderstandings, white lies, and differing values complicate everyone's hopes for happiness across the Atlantic divide.",1878,559,4.6,2804,"https://www.gutenberg.org/cache/epub/179/pg179.cover.medium.jpg",7
"The 1994 CIA World Factbook","","U.S. Central Intelligence Agency","Cia World Factbooks, Encyclopedias/Dictionaries/Reference, Geography","""The 1994 CIA World Factbook"" by United States Central Intelligence Agency is a reference resource published in 1994. This almanac-style compendium provides comprehensive summaries of demographics, geography, communications, government, economy, and military information for countries and territories worldwide. Originally created for U.S. government officials, this public domain work draws from numerous federal agencies and departments. It offers readers a systematic snapshot of global political entities, dependencies, and disputed territories, reflecting both statistical data and the geopolitical perspectives of its era.",1994,405,4.2,1984,"https://www.gutenberg.org/files/180/cover.jpg",4
"The Project Gutenberg RST Manual","","Marcello Perathoner","Engineering & Technology, How To ..., Electronic Books","""The Project Gutenberg RST Manual"" by Marcello Perathoner is a technical publication likely written in the early 21st century. This manual serves as a comprehensive guide on the usage of the Project Gutenberg’s ReStructuredText (RST) for converting text files into various electronic formats. It delves into installation steps, metadata handling, and best practices associated with creating eBooks for the Project Gutenberg platform. The manual begins with instructions on how to install EpubMaker, the tool that converts PG-RST files to formats such as HTML, EPUB, and PDF. It covers a range of topics, including defining classes and extensions for inline and block text, implementing pagination, creating tables of contents, and utilizing metadata for effective digital publishing. Best practices for formatting and testing documents are elaborated, ensuring that users understand how to maximize the capabilities of PG-RST and improve the overall quality of their eBook submissions. The manual’s structure allows readers to easily navigate and access specific information relevant to their needs in the eBook publishing process.",1995,296,4.7,1513,"https://www.gutenberg.org/files/181/cover.jpg",7
"The Project Gutenberg Encyclopedia, Volume 1 of 28","","Project Gutenberg","Encyclopedias/Dictionaries/Reference, Reference, Encyclopedias and dictionaries","""The Project Gutenberg Encyclopedia, Volume 1 of 28"" by Project Gutenberg is a historical reference work derived from a 1911 edition of a famous encyclopedia, likely compiled in the late 20th century as part of a digital project. This encyclopedia offers information on a vast array of subjects, reflecting knowledge and attitudes from the early 20th century, including topics ranging from ancient history to language, culture, and geography. At the start of this encyclopedia, readers are introduced to its structure and purpose, emphasizing that the content is drawn from older sources and is presented as a historical rather than contemporary reference. The initial entries focus on the historical development of various written languages, such as the Phoenician and Greek alphabets, and their evolution over time. This foundational context sets the tone for the subsequent wealth of articles that promise to explore a wide range of subjects, inviting readers to engage with the knowledge of the past through this accessible digital format.",1995,160,4.8,2553,"https://www.gutenberg.org/cache/epub/200/pg200.cover.medium.jpg",8
"Flatland","A Romance of Many Dimensions","Edwin Abbott Abbott","British Literature, Novels, Science-Fiction & Fantasy","""Flatland: A Romance of Many Dimensions"" by Edwin Abbott Abbott is a satirical novella published in 1884. Set in a two-dimensional world inhabited by geometric shapes, the story follows a Square who encounters beings from other dimensions. Through his journey from Flatland to higher and lower dimensional worlds, the novella explores both the mathematical concept of dimensions and critiques Victorian society's rigid class and gender hierarchies. Unable to convince others of what he's witnessed, the Square faces imprisonment for preaching forbidden truths about reality beyond two dimensions.",1884,273,4.5,3402,"https://www.gutenberg.org/cache/epub/201/pg201.cover.medium.jpg",4
"My Bondage and My Freedom","","Frederick Douglass","African American Writers, American Literature, Biographies","""My Bondage and My Freedom"" by Frederick Douglass is an autobiographical slave narrative published in 1855. The second of Douglass's three autobiographies, it expands upon his first narrative, depicting in greater detail his journey from enslavement to freedom. Following his liberation, Douglass became a prominent abolitionist, orator, author, newspaper publisher, and advocate for women's rights. The book features an introduction by James McCune Smith, whom Douglass called the ""foremost black influence"" of his life.",1855,517,4.6,21342,"https://www.gutenberg.org/cache/epub/202/pg202.cover.medium.jpg",2
"Uncle Tom's Cabin","","Harriet Beecher Stowe","American Literature, Classics Of Literature, Novels","""Uncle Tom's Cabin"" by Harriet Beecher Stowe is a novel written in the mid-19th century that explores the moral complexities surrounding slavery in America. The story introduces us to a variety of characters affected by the institution of slavery, focusing particularly on Uncle Tom, a devout and dignified enslaved man, alongside other figures like Eliza, who is desperate to save her child from being sold, reflecting the heart-wrenching realities of such a system. The opening of the book sets the stage in Kentucky, where Mr. Shelby, in financial distress, contemplates selling Uncle Tom and the young boy Harry to settle debts while conversing with the trader Haley. Through their dialogue, Stowe highlights the inhumane circumstances under which slaves are viewed as property rather than human beings, and we witness the initial stirrings of turmoil that compel Eliza to flee with her son upon hearing of their impending sale. The emotional depth and ethical dilemmas presented in these early chapters lay the groundwork for a powerful narrative that challenges readers to confront the harsh truths of slavery.",1896,369,4.6,24040,"https://www.gutenberg.org/cache/epub/203/pg203.cover.medium.jpg",7
"The innocence of Father Brown","","G. K. Chesterton","British Literature, Crime, Thrillers And Mystery, Short Stories","""The Innocence of Father Brown"" by G. K. Chesterton is a collection of detective stories written in the early 20th century. The book features Father Brown, a humble English priest with a remarkable talent for solving mysteries, as he navigates a series of crime-filled situations that often reveal deeper moral lessons and human complexities. At the start of the first story, ""The Blue Cross,"" we are introduced to Father Brown through the perspective of a formidable French detective, Aristide Valentin, who is on the hunt for the notorious criminal Flambeau. As Valentin boards a train to London, he assesses the passengers, taking a special notice of a seemingly inconspicuous little priest. The narrative sets up a tense atmosphere filled with surprises, leading to the revelation that Brown is more than he appears. This engaging beginning hints at the blend of humor, mystery, and philosophical exploration that characterizes the entire collection, as Father Brown's acute observations and unconventional reasoning lead to unexpected solutions to the crimes he encounters.",1936,405,4.0,25000,"https://www.gutenberg.org/cache/epub/204/pg204.cover.medium.jpg",4
"Walden, and On The Duty Of Civil Disobedience","","Henry David Thoreau","American Literature, Essays, Letters & Speeches, Philosophy & Ethics","""Walden, and On The Duty Of Civil Disobedience"" by Henry David Thoreau is a philosophical essay and social critique written in the mid-19th century. This work reflects Thoreau's reflections on simple living in natural surroundings, drawing from his personal experiment of living alone in the woods near Walden Pond. Thoreau emphasizes themes of self-sufficiency, the critique of materialism, and the importance of individual conscience and civil disobedience in the face of unjust laws. The opening of ""Walden"" begins with Thoreau recounting his two years of solitude in a self-built house by Walden Pond, where he lived simply and engaged in manual labor. He addresses the curiosity of his townsfolk about his lifestyle choices and presents his views on the societal pressures that guide people into lives of ""quiet desperation."" Through vivid imagery and philosophical musings, Thoreau discusses the burdens of inherited possessions and societal expectations, asserting that many people live unexamined lives. He calls for a re-evaluation of what is considered necessary for a fulfilling life, suggesting that true happiness derives from simplicity, individual thought, and an intimate connection with nature.",1862,411,4.6,15846,"https://www.gutenberg.org/cache/epub/205/pg205.cover.medium.jpg",9
"The Martin Luther King, Jr. Day, 1995, Memorial Issue","","Various","Essays, Letters & Speeches, History - American, African Americans","""The Martin Luther King, Jr. Day, 1995, Memorial Issue"" by Various is a collection of historical writings and speeches compiled to commemorate Martin Luther King Jr. and the civil rights movement. The works within span a significant period, capturing voices from the 19th century up to civil rights discussions of the late 20th century. This compilation serves to reflect on the historical struggles for African-American rights, the narratives of influential figures like Sojourner Truth and Frederick Douglass, and the ongoing dialogue about racial equality. At the start of this memorial issue, the text opens with Harriet Beecher Stowe's account of Sojourner Truth, presenting her as a formidable speaker and a symbol of strength and resilience against slavery. The narrative captures her first interaction with Stowe, revealing her indomitable spirit and calling for justice. Truth recounts memories of her youth in bondage, sharing tales infused with anguish and faith, ultimately illustrating her transformative encounter with God and her purpose as an advocate for freedom. The opening portion not only establishes Truth's character and mission but also sets the tone for the subsequent writings, reinforcing themes of struggle, hope, and the quest for equality.",1995,442,4.8,1314,"https://www.gutenberg.org/cache/epub/206/pg206.cover.medium.jpg",6
"The Spell of the Yukon and Other Verses","","Robert W. Service","Canada, Adventure, Poetry","""The Spell of the Yukon and Other Verses"" by Robert W. Service is a poetry collection published in 1907. Written by a bank employee in Whitehorse who had never seen the Klondike Gold Rush firsthand, these verses capture the spirit of Yukon frontier life through vivid storytelling. The collection features famous humorous ballads like ""The Shooting of Dan McGrew"" and ""The Cremation of Sam McGee,"" poems born from overheard saloon revelry and campfire tales. This wildly successful book sold over three million copies and made Service a celebrated poet before he ever set foot in Dawson City.",1907,213,4.2,1642,"https://www.gutenberg.org/cache/epub/207/pg207.cover.medium.jpg",5
"Daisy Miller","A Study","Henry James","American Literature, Classics Of Literature, Novels","""Daisy Miller: A Study"" by Henry James is a novella published in 1878. It follows the beautiful American Daisy Miller as she captivates Frederick Winterbourne, a sophisticated expatriate, during their encounters in Switzerland and Italy. Her free-spirited flirtatiousness clashes with rigid European social conventions, scandalizing the American expatriate community. As Daisy grows closer to a questionable Italian suitor, Winterbourne struggles between his attraction to her and society's disapproval. The story explores cultural prejudices and asks whether Daisy's unconventional behavior reflects innocent American spontaneity or something more troubling.",1878,248,4.3,2140,"https://www.gutenberg.org/cache/epub/208/pg208.cover.medium.jpg",5
"The Turn of the Screw","","Henry James","Best Books Ever Listings, British Literature, Crime, Thrillers And Mystery","""The Turn of the Screw"" by Henry James is a gothic horror novella published in 1898. A young governess arrives at a remote country estate to care for two children, only to become convinced that supernatural forces haunt the grounds. As she witnesses mysterious figures and grows increasingly alarmed by the children's behavior, the line between reality and imagination blurs. This unsettling tale has captivated readers for over a century with its deliberate ambiguity, leaving the true nature of the horror chillingly uncertain.",1898,541,4.1,25000,"https://www.gutenberg.org/cache/epub/209/pg209.cover.medium.jpg",10
"An International Episode","","Henry James","American Literature, British Literature, Novels","""An International Episode"" by Henry James is a novel set in the late 19th century. The story follows two young Englishmen, Lord Lambeth and Percy Beaumont, as they travel to the United States and navigate their experiences in an unfamiliar cultural landscape, filled with vivid descriptions of American society and the contrast with their British roots. The opening of the novel introduces the two travelers as they arrive in New York during the sweltering heat of summer, providing a detailed portrayal of their reactions to the bustling, vibrant city. The chapter describes their journey through Broadway, their observations of the local customs, people, and the overwhelming nature of the American lifestyle. They meet Mr. J.L. Westgate, an American who represents the welcoming yet foreign nature of their new environment. As they acclimate to their surroundings, the young men contemplate their plans and interactions, hinting at future adventures that will develop as they are introduced to Newport society, where the complexities of social norms and personal relationships will play a central role in their experience.",1916,531,4.3,1146,"https://www.gutenberg.org/cache/epub/210/pg210.cover.medium.jpg",7
"The Aspern Papers","","Henry James","American Literature, Classics Of Literature, Novels","""The Aspern Papers"" by Henry James is a novella published in 1888. A nameless narrator travels to Venice with a singular obsession: to obtain the private letters of Jeffrey Aspern, a deceased American poet. His target is Juliana Bordereau, the poet's aged former lover, who guards these precious documents. To gain access, the narrator poses as a lodger and considers courting Juliana's plain niece, Miss Tita. James crafts a suspenseful tale about the ethical boundaries of biographical pursuit, where desire for literary treasure collides with human dignity and privacy.",1888,542,4.7,1383,"https://www.gutenberg.org/cache/epub/211/pg211.cover.medium.jpg",4
"A List of Factorial Math Constants","","Various","Encyclopedias/Dictionaries/Reference, Mathematics, Factorials","""A List of Factorial Math Constants"" by Unknown is a scientific publication likely composed in the late 20th century. This work serves as a compilation of factorial values for integers ranging from 1 to 10,000, categorized in groups to facilitate access for researchers or students needing precise mathematical constants. The opening of this compilation provides a structured list of factorials for numbers 1! through 99!, displayed alongside their decimal representations, and indicates the factorials from 100! to 10,000! will follow in larger increments. It specifies the method used for calculation, a simple Scheme program whose source code has unfortunately been lost. Each entry denotes the factorial and concludes with a note indicating the number of digits in the result, illustrating an organized and systematic approach to presenting mathematical information.",1995,189,4.0,3052,"https://www.gutenberg.org/cache/epub/212/pg212.cover.medium.jpg",6
"The Man from Snowy River","","A. B. Paterson","Australia, Adventure, Poetry","""The Man from Snowy River"" by A. B. Paterson is a poem first published in 1890. It tells the story of a daring horseback pursuit through the Australian mountain ranges to recapture a prizewinning racehorse's colt living among wild brumbies. When the horses descend a treacherous slope, all riders abandon the chase except one young man, who fearlessly spurs his small horse down the dangerous descent. This thrilling tale of bravery and horsemanship became a defining work of Australian identity during the nation's path toward independence.",1890,143,4.6,1504,"https://www.gutenberg.org/cache/epub/213/pg213.cover.medium.jpg",7
"In the Days When the World Was Wide, and Other Verses","","Henry Lawson","Australia, Poetry, Australian Poetry","""In the Days When the World Was Wide, and Other Verses"" by Henry Lawson is a poetry collection published in 1896. This debut volume captures the Australian landscape and spirit through widely anthologized works including ""The Free Selector's Daughter"" and ""Andy's Gone with Cattle."" The collection also features Lawson's contributions to his famous literary dispute with Banjo Paterson in The Bulletin magazine. Critics praised Lawson's authentic local color and his ability to give voice to the silent wanderers of Australia's plains.",1896,317,4.6,1760,"https://www.gutenberg.org/cache/epub/214/pg214.cover.medium.jpg",8
"The call of the wild","","Jack London","Adventure, Animals-Domestic, Best Books Ever Listings","""The Call of the Wild"" by Jack London is an adventure novel published in 1903. Buck, a powerful dog living comfortably in California, is stolen and sold into service as a sled dog during the Klondike Gold Rush. Thrust into the brutal Yukon wilderness, he must fight to survive among other dogs and harsh masters. As Buck endures the unforgiving environment, he grows increasingly primitive, shedding his domesticated life and answering an ancient instinct that pulls him toward something wild and primal.",1903,355,4.0,25000,"https://www.gutenberg.org/cache/epub/215/pg215.cover.medium.jpg",10
"The Tao Teh King, or the Tao and its Characteristics","","Laozi","Philosophy & Ethics, Poetry, Religion/Spirituality","""The Tao Teh King, or the Tao and its Characteristics"" by Laozi is an ancient Chinese text from the late Warring States period (475–221 BCE). This foundational work of Taoism explores the Way and its Virtue through poetic wisdom. Traditionally attributed to the sage Laozi, though authorship remains debated, it has profoundly influenced Chinese philosophy and religious practice. As one of the most translated texts worldwide, it precedes the other core Taoist work, the Zhuangzi, and continues to resonate across cultures.",1995,173,4.3,4314,"https://www.gutenberg.org/cache/epub/216/pg216.cover.medium.jpg",2
"Sons and Lovers","","D. H. Lawrence","Best Books Ever Listings, British Literature, Novels","""Sons and Lovers"" by D. H. Lawrence is a novel published in 1913. It follows Paul Morel, a young man caught between his demanding mother's overpowering love and his relationships with two contrasting women. These suffocating bonds create deep emotional conflicts that shape his struggle toward manhood. Lawrence explores the psychological damage of maternal possession as Paul fights to claim his own life and capacity for love, ultimately facing the question of whether he can break free from the ties of blood that bind him.",1913,214,4.2,2392,"https://www.gutenberg.org/cache/epub/217/pg217.cover.medium.jpg",7
"C. Iuli Caesaris De Bello Gallico, I-IV","","Julius Caesar","History - Ancient, History - Warfare, Classical Antiquity","""C. Iuli Caesaris De Bello Gallico, I-IV"" by Julius Caesar is a first-hand account written between 58-50 BC. Caesar narrates his nine-year campaign to conquer Gaul, describing battles against Celtic and Germanic peoples who resisted Roman expansion. Written in third person, this military commentary details conflicts from the Helvetii migration through the mass revolt led by Vercingetorix. Caesar's victories brought him immense wealth and legendary status, ultimately enabling his rise to power and transforming the Roman Republic forever.",-43,167,4.1,1486,"https://www.gutenberg.org/cache/epub/218/pg218.cover.medium.jpg",8
"Heart of Darkness","","Joseph Conrad","Best Books Ever Listings, British Literature, Classics Of Literature","""Heart of Darkness"" by Joseph Conrad is a novella published in 1899. Sailor Charles Marlow recounts his journey as a steamer captain for a Belgian company deep into the African interior. His assignment: to find Kurtz, an ivory trader who has mysteriously ""gone native"" at a remote station upriver. Conrad's tale explores European colonialism, power, and morality while questioning the boundary between civilization and savagery. The novella provides a dark meditation on imperialism, drawing unsettling parallels between London and Africa as places shrouded in darkness.",1899,151,4.5,9436,"https://www.gutenberg.org/cache/epub/219/pg219.cover.medium.jpg",8
"The Secret Sharer","","Joseph Conrad","British Literature, Novels, Fugitives From Justice","""The Secret Sharer"" by Joseph Conrad is a short story written in 1909. A young captain, commanding his first ship, discovers a fugitive clinging to his vessel at night—a first mate who has killed a crew member and escaped arrest. Recognizing the stranger as his mirror image in appearance and background, the captain hides him aboard, risking his command and credibility. As authorities search and his crew grows suspicious, he must execute a dangerous maneuver to help his double escape while proving himself as captain.",1909,523,4.0,1736,"https://www.gutenberg.org/cache/epub/220/pg220.cover.medium.jpg",10
"The Return of Sherlock Holmes","","Arthur Conan Doyle","British Literature, Crime, Thrillers And Mystery, Short Stories","""The Return of Sherlock Holmes"" by Arthur Conan Doyle is a collection of 13 stories published in 1905. After Holmes's apparent death in 1893, Doyle faced intense pressure to revive his famous detective. This collection marks the character's dramatic comeback, beginning with Holmes reappearing in London and explaining his mysterious absence from 1891 to 1894. The stories follow the detective and Watson through new cases of murder, blackmail, and cryptic mysteries across England.",1905,551,4.1,25000,"https://www.gutenberg.org/cache/epub/221/pg221.cover.medium.jpg",2
"The Moon and Sixpence","","W. Somerset Maugham","British Literature, Novels, Contemporary Reviews","""The Moon and Sixpence"" by W. Somerset Maugham is a novel published in 1919. It follows Charles Strickland, a middle-aged English stockbroker who abruptly abandons his wife and children to pursue his obsession with becoming an artist. Living in poverty and indifferent to those around him, Strickland destroys relationships in his single-minded pursuit of art and beauty. Inspired by Paul Gauguin's life, the story explores the myth of the artist-genius through a journey from London to Paris to Tahiti.",1919,229,4.1,2800,"https://www.gutenberg.org/cache/epub/222/pg222.cover.medium.jpg",5
"The wisdom of Father Brown","","G. K. Chesterton","British Literature, Crime, Thrillers And Mystery, Short Stories","""The Wisdom of Father Brown"" by G. K. Chesterton is a collection of mystery stories written in the early 20th century. The book introduces Father Brown, an unconventional priest with a knack for solving crimes that baffle the authorities, using his keen insight into human nature rather than traditional detective methods. The stories often weave themes of morality and the interplay between innocence and guilt, all set against a backdrop of quaint English settings and broader philosophical discussions. At the start of the collection, we meet Father Brown as he finds himself embroiled in a peculiar case involving two families and a mystery surrounding a young man named James Todhunter. After Todhunter is discovered bound and apparently drugged in his lodgings, suspicion falls upon his neighbor, Mr. Glass, and the circumstances lead to a confrontation between the priest and a distinguished criminologist, Dr. Orion Hood. As the tale unfolds, Brown reveals his unique blend of humor, insight, and moral conviction, turning the investigation on its head and showcasing his talents in deduction through lively dialogue and keen observation, ultimately challenging conventional notions of justice and appearance.",1936,140,4.7,25000,"https://www.gutenberg.org/cache/epub/223/pg223.cover.medium.jpg",8
"A pair of blue eyes","","Thomas Hardy","British Literature, Novels, Romance","""A Pair of Blue Eyes"" by Thomas Hardy is a novel written during the late 19th century. This work explores themes of love and social class through the experiences of Elfride Swancourt, a young woman navigating her emotions and relationships in a rural English setting. The story is set against the backdrop of church restoration and the wild landscapes of Wessex, interweaving the intricacies of love and societal expectations. At the start of the narrative, we are introduced to Elfride, a twenty-year-old girl, who possesses a depth of emotion but lacks social sophistication. As her father, the parish vicar, is laid up with illness, Elfride prepares to host Stephen Smith, a young architect sent to oversee the restoration of a local church. The beginning paints a picture of Elfride's character—innocent, curious, and somewhat naive—as she contemplates the arrival of Stephen with both excitement and trepidation. Their first meeting hints at a brewing tension, setting the stage for the developing romantic intrigue amidst the constraints of their social surroundings. As Elfride grapples with her feelings in this remote part of England, Hardy begins to weave a tale that explores not just the heart, but also the complex web of class and identity in the 19th-century English society.",1928,422,4.8,25000,"https://www.gutenberg.org/cache/epub/224/pg224.cover.medium.jpg",10
"At the Back of the North Wind","","George MacDonald","British Literature, Children & Young Adult Reading, Novels","""At the Back of the North Wind"" by George MacDonald is a children's fantasy book serialized beginning in 1868 and published in 1871. It follows a sweet boy named Diamond who befriends the mysterious Lady North Wind, a goddess-like being. Together they fly through the nights on magical adventures that help Diamond understand her true nature. The story explores deep theological questions while depicting a Christ-like child who brings joy and peace wherever he goes, fighting despair and gloom in a world he doesn't quite belong to.",1868,533,4.6,1780,"https://www.gutenberg.org/cache/epub/225/pg225.cover.medium.jpg",4
"Cicero's Orations","","Marcus Tullius Cicero","Essays, Letters & Speeches, History - Ancient, Classical Antiquity","""Cicero's Orations"" by Marcus Tullius Cicero is a collection of speeches delivered in 63 BC. These four powerful addresses expose a dangerous conspiracy to overthrow the Roman Republic. As consul, Cicero confronts the senator Catiline and his fellow plotters, revealing their plans before the Senate and the people. The speeches chronicle the discovery, investigation, and suppression of the uprising, culminating in a controversial debate over the conspirators' fate. Published around 60 BC, these orations shaped Cicero's legacy and became models of Roman rhetoric for centuries.",-43,488,4.6,1340,"https://www.gutenberg.org/cache/epub/226/pg226.cover.medium.jpg",8
"Aeneidos","","Virgil","Best Books Ever Listings, Classics Of Literature, Mythology, Legends & Folklore","""Aeneidos"" by Virgil is a Latin epic poem written between 29 and 19 BC. It tells the legendary story of Aeneas, a Trojan hero who flees the fall of Troy and journeys to Italy, where he becomes the ancestor of the Romans. The first half chronicles his perilous wanderings across the Mediterranean, while the second half depicts the Trojans' war against the Latins. This founding myth connects Rome to the legends of Troy and glorifies traditional Roman virtues.",-19,261,4.1,22393,"https://www.gutenberg.org/cache/epub/227/pg227.cover.medium.jpg",2
"The Aeneid","","Virgil","Best Books Ever Listings, Classics Of Literature, Mythology, Legends & Folklore","""The Aeneid"" by Virgil is a Latin epic poem written between 29 and 19 BC. It follows Aeneas, a Trojan hero who flees the fall of Troy and journeys to Italy, where he becomes the ancestor of the Romans. The first half chronicles his perilous wanderings across the Mediterranean, while the second depicts a brutal war against the Latins. Virgil transforms ancient legends into Rome's founding myth, connecting the empire to Troy's glory and legitimizing Roman power through divine ancestry and traditional virtues.",-19,332,4.8,24154,"https://www.gutenberg.org/cache/epub/228/pg228.cover.medium.jpg",2
"The Bucolics and Eclogues","","Virgil","Classics Of Literature, Poetry, Classical Antiquity","""The Bucolics and Eclogues"" by Virgil is a collection of ten poems written between roughly 44 and 38 BC. Taking inspiration from Greek bucolic poetry, Virgil crafts dialogues and monologues featuring herdsmen in rural settings, weaving together themes of love, loss, and political upheaval during Rome's revolutionary period. Through singing contests, confiscated lands, and passionate declarations, these poems blend visionary politics with eroticism, creating a work that brought Virgil celebrity in his lifetime and established a new Roman literary tradition.",-19,199,4.2,2379,"https://www.gutenberg.org/cache/epub/229/pg229.cover.medium.jpg",7
"The Bucolics and Eclogues","","Virgil","Classics Of Literature, Poetry, Classical Antiquity","""The Bucolics and Eclogues"" by Virgil is a collection of ten pastoral poems written between roughly 44 and 38 BC. Drawing on Greek bucolic poetry, Virgil transforms the genre by weaving political upheaval and revolutionary change into idyllic rural settings. Herdsmen converse, compete in singing contests, and navigate love and loss against Rome's turbulent backdrop. These poems blend visionary politics with eroticism, creating a work that captivated Roman audiences and made Virgil a celebrity in his lifetime.",-19,225,4.5,1312,"https://www.gutenberg.org/cache/epub/230/pg230.cover.medium.jpg",2
"Georgicon","","Virgil","Classics Of Literature, Environmental Issues, Nature/Gardening/Animals","""Georgicon"" by Virgil is a poem likely published in 29 BCE. This work presents agriculture not as peaceful pastoral verse but as humanity's struggle against a hostile natural world. Divided into four books, it covers crop cultivation, viticulture, animal husbandry, and beekeeping. Through technical instruction and mythological tales—including the stories of Aristaeus and Orpheus—Virgil explores tensions between human labor and nature's power, golden ages and present realities, rural virtue and urban corruption, weaving didactic purpose with epic drama.",-19,206,4.1,1412,"https://www.gutenberg.org/cache/epub/231/pg231.cover.medium.jpg",8
"The Georgics","","Virgil","Classics Of Literature, Poetry, Agriculture","""The Georgics"" by Virgil is a poem likely published in 29 BCE. This four-book work addresses agriculture—from plowing and planting to viticulture and beekeeping—but transcends simple farming instruction. Virgil weaves tensions between human labor and nature's hostility, golden ages and present struggles, peaceful rural life and violent destruction. The poem moves from technical advice through praise of Italy to animal husbandry, concluding with bees as a model for society and the haunting tale of Orpheus and Eurydice nested within.",-19,125,4.2,1824,"https://www.gutenberg.org/cache/epub/232/pg232.cover.medium.jpg",6
"Sister Carrie","A Novel","Theodore Dreiser","American Literature, Novels, Chicago (Ill.)","""Sister Carrie: A Novel"" by Theodore Dreiser is a novel published in 1900. It follows eighteen-year-old Caroline Meeber, who leaves small-town Wisconsin for Chicago seeking a better life. In the big city, she becomes involved with two men—a charming salesman and a married bar manager—while discovering her talent for acting. As Carrie rises toward fame and fortune, those around her face vastly different fates. The novel explores ambition, desire, and the pursuit of the American Dream in urban America.",1900,231,4.7,2193,"https://www.gutenberg.org/cache/epub/233/pg233.cover.medium.jpg",5
"Child Christopher and Goldilind the Fair","","William Morris","British Literature, Novels, Science-Fiction & Fantasy","""Child Christopher and Goldilind the Fair"" by William Morris is a fantasy novel published in 1895. Set in the forested land of Oakenrealm, this reimagining of a medieval tale follows two displaced royal heirs who are forced into marriage. Christopher, unaware of his true noble identity, struggles with his love for Goldilind while believing their social stations are impossibly different. When an assassination attempt exposes hidden truths, Christopher must decide whether to challenge the usurper who stole his heritage and claim his rightful place.",1895,537,4.5,728,"https://www.gutenberg.org/cache/epub/234/pg234.cover.medium.jpg",8
"William Gibson Interviewed","","Giuseppe Salza","Journalism/Media/Writing, Science-Fiction & Fantasy, Gibson, William, 1914-2008","""William Gibson Interviewed by Giuseppe Salza"" is a transcribed conversation that falls under the category of an interview or discussion, likely written in the early to mid-1990s. This engaging text presents a deep dive into the mind of William Gibson, the acclaimed science fiction author known for pioneering the cyberpunk genre. The interview primarily explores themes surrounding his film adaptation of ""Johnny Mnemonic,"" a story that revolves around the politics of information, as well as his reflections on science fiction and technology’s role in society. Throughout the interview, Gibson discusses his creative process, his relationship with the film industry, and the notable influence of his storytelling on popular culture and technology. He shares insights on the making of ""Johnny Mnemonic,"" delving into the challenges and triumphs involved, including the casting of Keanu Reeves. Core topics include his ambivalence towards technology, the notion of cyberpunk as a cultural label, and broader implications of the information age. Gibson's perspective on how societal views on technology have evolved, particularly regarding newer innovations like email and virtual reality, highlights both his critique and fascination with a rapidly changing world.",1995,318,4.8,2181,"https://www.gutenberg.org/cache/epub/235/pg235.cover.medium.jpg",5
"The Jungle Book","","Rudyard Kipling","Adventure, British Literature, Children & Young Adult Reading","""The Jungle Book"" by Rudyard Kipling is a collection of stories published in 1894. The tales follow Mowgli, a boy raised by wolves in the Indian jungle, alongside animal characters like Shere Khan the tiger and Baloo the bear. Through these fables, Kipling explores themes of abandonment and fostering, law and freedom, and the balance between civilization and wildness. The stories teach lessons about respect for authority while celebrating the freedom to move between different worlds, using animals as archetypes for human nature and society.",1894,166,4.8,25000,"https://www.gutenberg.org/cache/epub/236/pg236.cover.medium.jpg",5
"Sexti Properti Elegiarvm","Liber Primvs","Sextus Propertius","Classics Of Literature, Poetry, Elegiac Poetry, Latin","""Sexti Properti Elegiarvm: Liber Primvs"" by Sextus Propertius is a collection of elegiac poetry written during the late Roman Republic. The work primarily explores themes of love and desire, often focusing on the speaker's tumultuous relationship with a woman named Cynthia. Propertius, a notable figure in Latin literature, utilizes the elegiac couplet to create poignant expressions of passion, longing, and heartache, embodying the cultural and emotional nuances of the time. In this first book, the poet introduces Cynthia as a central figure of his affection and obsession. The poems reflect various aspects of their relationship, including the speaker's deep vulnerability and the pain caused by love's highs and lows. Propertius navigates through memories of joy, jealousy, and longing, presenting vivid imagery and emotional intensity that allow readers to connect with his struggles. The interplay of personal emotion with broader cultural contexts, particularly those surrounding love, beauty, and desire, makes this work a significant reflection of the human experience during the era, resonating through its timeless themes.",1995,528,4.2,2058,"https://www.gutenberg.org/cache/epub/237/pg237.cover.medium.jpg",4
"Dear Enemy","","Jean Webster","Bestsellers, American, 1895-1923, American Literature, Novels","""Dear Enemy"" by Jean Webster is a novel published in 1915 as the sequel to ""Daddy-Long-Legs."" Told through letters, it follows Sallie McBride as she transforms from a frivolous socialite into the superintendent of an orphanage. She navigates daily challenges, reforms outdated practices, and develops complicated relationships with two very different men—a wealthy politician and the orphanage's embittered Scottish doctor. The story explores women's work, orphan care, and the choices that shape a meaningful life.",1915,413,4.1,1341,"https://www.gutenberg.org/cache/epub/238/pg238.cover.medium.jpg",5
"Radar Map of the United States","","United States Government","United States","""Radar Map of the United States"" is a notable literary and historical work by United States Government, categorized under United States.",1995,288,4.8,2928,"https://www.gutenberg.org/cache/epub/239/pg239.cover.medium.jpg",3
"Stories from the Old Attic","","Robert A. Harris","Short Stories, Fables, Fiction","""Stories from the Old Attic"" by Robert A. Harris is a collection of short stories likely written in the early 1990s. The book encompasses a range of narratives that convey moral lessons, whimsical tales, and philosophical musings, illustrating human experiences and values through various characters and situations. The opening of the book presents several brief stories, each with a distinct moral or philosophical takeaway. For instance, the first story portrays a man shoveling gravel and the conflicting judgments of his neighbors, hinting at the futility of trying to please everyone. Another narrative introduces the concept of perseverance through the tale of a boy overcoming ridicule to shoot a vulture. Other pieces touch upon themes like self-worth, societal expectations, and the search for human meaning, all conveyed through simple yet profound storytelling that invites readers to reflect on their own lives and choices. This blend of humor and wisdom sets the stage for a varied exploration of timeless truths within everyday life.",1995,199,4.0,2357,"https://www.gutenberg.org/cache/epub/240/pg240.cover.medium.jpg",6
"Clotelle","or, The Colored Heroine, a tale of the Southern States; Or, The President's Daughter","William Wells Brown","African American Writers, American Literature, Novels","""Clotelle; Or, The Colored Heroine"" by William Wells Brown is a novel written in the mid-19th century. The book explores the complex social dynamics surrounding race and gender in the Southern United States before the Civil War, focusing particularly on the lives of mulatto women and their struggles against the system of slavery and societal expectations. The story introduces readers to Isabella, a beautiful quadroon woman, her mother Agnes, and her sister Marion, detailing their experiences and the exploitation they face in a society rife with immorality and prejudice. The opening portion of the novel establishes the setting and social context of the Southern states, highlighting the beauty and allure of Quadroon women, while simultaneously revealing the harsh realities of their existence under slavery. Isabella's mother, Agnes, is intent on raising her daughters with a semblance of dignity amidst the oppressive environment, even as they are ultimately sold at a slave auction. The narrative introduces characters such as Henry Linwood, who becomes entwined with Isabella's life as he promises to purchase her freedom. However, it also foreshadows the impending tragedy of their separation, emphasizing the emotional turmoil that permeates their lives against the backdrop of a cruel and unforgiving system.",1884,150,4.1,1887,"https://www.gutenberg.org/cache/epub/241/pg241.cover.medium.jpg",5
"My Ántonia","","Willa Cather","American Literature, Novels, Czech Americans","""My Ántonia"" by Willa Cather is a novel published in 1918. It follows orphaned Jim Burden and Ántonia Shimerda, a Bohemian immigrant girl, as they arrive as children in the Nebraska frontier. Their friendship deepens through shared adventures and hardships on the harsh prairie. As they grow older, their paths diverge—Jim pursues education while Ántonia faces family tragedy and hard labor. The story explores memory, pioneering life, and the enduring bond between two people shaped by the American West.",1918,407,4.6,2588,"https://www.gutenberg.org/cache/epub/242/pg242.cover.medium.jpg",6
"The forged coupon, and other stories","","Leo Tolstoy","Russian Literature, Short Stories, Russian Fiction","""The forged coupon, and other stories"" by graf Leo Tolstoy is a collection written between 1902-1904 and published in 1910. The title novella follows a schoolboy's desperate act of forging a bond coupon to repay a debt. This single deception triggers a devastating chain reaction, touching dozens of lives and ultimately leading to murder. The story explores how one evil deed ripples outward, yet maintains hope by showing that good works can spread just as powerfully as wrongdoing through society.",1910,240,4.5,1771,"https://www.gutenberg.org/cache/epub/243/pg243.cover.medium.jpg",5
"A Study in Scarlet","","Arthur Conan Doyle","British Literature, Crime, Thrillers And Mystery, Novels","""A Study in Scarlet"" by Arthur Conan Doyle is a detective novel published in 1887. This groundbreaking work introduces Sherlock Holmes and Dr. Watson as they investigate a mysterious murder in London. When a man is found dead with the word ""RACHE"" written in blood, Holmes must unravel the scarlet thread of murder running through the case. The investigation leads to a dramatic tale of revenge spanning two continents, connecting a London crime scene to events in Utah's Salt Lake Valley decades earlier.",1887,422,4.4,25000,"https://www.gutenberg.org/cache/epub/244/pg244.cover.medium.jpg",4
"Life on the Mississippi","","Mark Twain","American Literature, Biographies, History - American","""Life on the Mississippi"" by Mark Twain is a memoir and travel book published in 1883. It recounts Twain's experiences as a young steamboat pilot's apprentice on the Mississippi River before the Civil War, detailing the art of navigating the ever-changing waters. The second half chronicles his return journey decades later, observing how railroads, growing cities, and time have transformed the river and its culture. Blending personal history with tall tales and social commentary, Twain captures a vanishing era of American river life.",1883,308,4.2,25000,"https://www.gutenberg.org/cache/epub/245/pg245.cover.medium.jpg",9
"The Rubaiyat of Omar Khayyam","","Omar Khayyam","Classics Of Literature, Philosophy & Ethics, Poetry","""The Rubaiyat of Omar Khayyam"" by Omar Khayyam is a translation published in 1859 by Edward FitzGerald, rendering Persian quatrains into English. Initially a commercial failure, the work became wildly popular throughout the English-speaking world by the 1880s, inspiring clubs and a ""fin de siècle cult."" The poems spark enduring debate: Are they expressions of religious skepticism and Epicurean philosophy, or mystical Sufi verses misunderstood by their translator? The authenticity of the quatrains themselves remains deeply uncertain.",1859,198,4.4,2424,"https://www.gutenberg.org/cache/epub/246/pg246.cover.medium.jpg",3
"Webster's Unabridged Dictionary (1st 100 Pages)","","Noah Webster","Encyclopedias/Dictionaries/Reference, Language & Communication, English Language","""Webster's Unabridged Dictionary (1st 100 Pages)"" by Noah Webster is a reference book written during the early 19th century. This work focuses on the English language, providing detailed definitions, pronunciations, and etymologies of various words and letters starting from the alphabet A. It serves as a comprehensive guide for scholars, students, and general readers seeking to understand the intricacies of English vocabulary and grammar. The opening of the dictionary elaborates on the letter ""A,"" discussing its origins from the Phoenician and Greek alphabets, as well as its various pronunciations and uses in both music and language. It explains the historical significance and evolution of the letter, detailing how it functions as an indefinite article and its grammatical usage in sentences. Overall, this introduction provides insights into the foundational aspects of the English language, setting the stage for a thorough exploration of words and their meanings that follows in subsequent pages.",1843,351,4.1,1295,"https://www.gutenberg.org/cache/epub/247/pg247.cover.medium.jpg",9
"Webster's Unabridged Dictionary (2nd 100 Pages)","","Noah Webster","Encyclopedias/Dictionaries/Reference, English Language","""Webster's Unabridged Dictionary (2nd 100 Pages)"" by Noah Webster is a comprehensive reference work that provides definitions and etymology for a wide variety of English words. The book was probably written in the early 19th century, a period marked by a fascination with language and education in America. The likely topic of this work is the clarification and standardization of English language, presenting insights into not only individual words but also their meanings, uses, and historical context. The opening of this reference book presents a series of entries from the dictionary, illustrating the format and style in which Webster lays out the definitions. Each entry includes the word's pronunciation, part of speech, meaning, and examples of usage, reflecting Webster’s meticulous attention to detail and intention to enhance the reader's understanding of the English language. This beginning gives insight into the breadth of vocabulary covered in the dictionary, as well as Webster's commitment to educating readers on language and its complexities.",1843,241,4.1,1365,"https://www.gutenberg.org/cache/epub/248/pg248.cover.medium.jpg",3
"French Cave Paintings","","Various","Archaeology & Anthropology, Art, History - Ancient","""French Cave Paintings"" by Monsieur Jean Clottes is a scientific publication written in the mid-1990s. The book discusses the remarkable discovery of Paleolithic cave paintings in Ardeche, France, which are estimated to be between 18,000 to 20,000 years old. It serves as a thorough documentation and analysis of this significant archaeological site, highlighting its cultural and historical importance. The book details the discovery process of the cave, known for its extensive galleries adorned with approximately 300 paintings and engravings depicting various animals, such as bears, mammoths, and rhinoceroses, as well as evidence of human activity like fireplaces and tools. Clottes emphasizes the cave's pristine condition, which has remained largely untouched by modern disturbances, making it a unique subject for study. The publication discusses the artistic quality of the paintings, their naturalistic representations, and the implications for understanding human and environmental interactions during the Paleolithic era. Overall, ""French Cave Paintings"" is a significant contribution to the field of archaeology and art history, showcasing one of the largest masterpieces of prehistoric art.",1995,389,4.5,3453,"https://www.gutenberg.org/cache/epub/249/pg249.cover.medium.jpg",3
"A Brief History of the Internet","The Bright Side: The Dark Side","Michael Hart, Maxwell Fuller","History - Modern (1750+), History - Other, Computer Networks","""A Brief History of the Internet"" by Michael Hart and Maxwell Fuller is a historical account written in the mid-1990s that explores the development and impact of the Internet from its inception to the present day as of its publication. The book discusses the Internet's potential for democratizing information access while also addressing the challenges it faces, particularly the growing divide between the ""Information Rich"" and ""Information Poor."" The authors aim to illuminate the critical balance between the positive advancements and the detrimental monopolization of digital resources. The book emphasizes the Internet as a revolutionary communication tool, likening its functionalities to those imagined in science fiction, such as the ""Star Trek"" series. Hart articulates a vision where digital technologies could enable universal access to literature, knowledge, and culture, presented through initiatives like Project Gutenberg, which aimed to provide free electronic texts. However, he also stresses concerns about copyright restrictions, the commercialization of information, and the potential for digital monopolies that could hinder the Internet's original purpose of equitable knowledge dissemination. Throughout the narrative, Hart critiques the systemic barriers that prevent society from fully embracing the Internet's capabilities for widespread education and literacy, invoking a sense of urgency to overcome these limitations.",2011,533,4.1,1381,"https://www.gutenberg.org/cache/epub/250/pg250.cover.medium.jpg",9
"1995 United States Congressional Address Book","","United States Government","Encyclopedias/Dictionaries/Reference, Politics, United States. Congress","The ""1995 United States Congressional Address Book"" by United States is a reference publication created in the mid-1990s. This book serves as a directory of the members of the U.S. Congress, including both the House of Representatives and the Senate. It provides essential contact information, including mailing addresses, phone numbers, and fax numbers, for lawmakers during that period. The content of the book consists of a detailed listing of congressional members, organized by state and party, along with guidelines on effective communication with Congress, highlighting the best methods to send correspondence. It includes addresses for high-ranking officials, such as the President and Vice President, as well as contact information for various committees. Overall, the book is a practical resource for constituents and others seeking to engage with their elected representatives or gain insights into Congress's structure during the 1995 legislative session.",1995,252,4.4,1751,"https://www.gutenberg.org/cache/epub/251/pg251.cover.medium.jpg",9
"Copyright Law of the United States of America","Contained in Title 17 of the United States Code","United States, Library of Congress. Copyright Office","History - American, Law & Criminology, Copyright","""Copyright Law of the United States of America"" is a federal legal framework originating in 1789. This system governs when creative works—from novels to paintings to sound recordings—enter the public domain. Through successive Congressional acts from 1790 to 1998, copyright terms have been repeatedly extended, creating a complex timeline that determines which works remain protected and which belong freely to the public. The law shapes what cultural treasures Americans can access without restriction.",1789,311,4.4,3115,"https://www.gutenberg.org/cache/epub/252/pg252.cover.medium.jpg",2
"The Universal Copyright Convention (1988)","","Coalition for Networked Information","Law & Criminology, Copyright, International","""The Universal Copyright Convention (1988) by Coalition for Networked Information"" is a legal publication that serves as a significant document regarding international copyright protection, revised during the 1970s. The book outlines the principles and obligations of Contracting States to ensure adequate protection for literary, scientific, and artistic works, emphasizing cooperation among nations to respect the rights of authors. Its work is rooted in the context of the late 20th century, reflecting the growing need for a unified global approach to copyright amidst the advent of new technologies and international exchanges. The content of the book primarily details the articles of the Universal Copyright Convention, including key aspects like the rights of authors, the duration of copyright protection, and guidelines for the treatment of both published and unpublished works across member states. It defines essential terms, outlines the rights of both the authors and respective countries, and provides protocols for handling works by stateless individuals and international organizations. This document serves as an important reference for understanding the global framework of copyright law established to promote cultural exchange while safeguarding creators' interests across borders.",1988,240,4.3,989,"https://www.gutenberg.org/cache/epub/253/pg253.cover.medium.jpg",9
"The Second Story of Meno","A Continuation of Socrates' Dialogue with Meno in Which the Boy Proves Root 2 is Irrational","Various","Mathematics, Philosophy & Ethics","""The Second Story of Meno"" by Unknown is a philosophical dialogue likely written during the classical period of ancient Greece. This work serves as an extension of the earlier ""Meno,"" traditionally attributed to Plato, and delves into mathematical concepts, particularly the irrationality of the square root of two. The dialogue features Socrates and Meno as they engage in a conversation aimed at demonstrating how a young boy can arrive at profound mathematical truths through guided questioning and logical reasoning. In this continuation, Socrates aims to prove that the square root of two is irrational, utilizing a boy who had previously shown promise in understanding geometric concepts. Through a method of questioning, Socrates leads the boy to explore various groups of rational numbers, systematically eliminating all but the possibility of the square root of two being a rational number. The boy articulates his reasoning, culminating in the realization that the square root of two cannot be expressed as the ratio of two whole numbers, which successfully earns him his freedom and a reward. The dialogue emphasizes the importance of critical thinking, the process of learning through questioning, and the value of intellectual discovery.",1995,224,4.6,2107,"https://www.gutenberg.org/cache/epub/254/pg254.cover.medium.jpg",10
"QREAD, Etext Reader for Windows","","Dan Scavezze","How To ..., Electronic Book Readers","""QREAD, Etext Reader for Windows"" by Dan Scavezze is a software guide published in the early 1990s. This book serves as a user manual for a shareware program designed for reading text files on the Microsoft Windows 3.1 platform. The primary focus of the book is to provide users with detailed instructions on how to set up and utilize the QRead program effectively. The content of this manual includes information on the installation process, featuring files included in the software package, as well as operational guidance on customizing the text display. It explains how users can select different fonts, adjust text size, and manage their text files efficiently. Additionally, it outlines the registration process required for continued use of the software after an evaluation period, making it clear that sharing the software for evaluation is permitted. Overall, this manual is concise and straightforward, targeting users who wish to enhance their reading experience on Windows by utilizing QRead.",1995,315,4.0,2716,"https://www.gutenberg.org/cache/epub/255/pg255.cover.medium.jpg",9
"Motion Picture of Rotating Earth","","United States Government","World Maps","""Motion Picture of Rotating Earth"" is a notable literary and historical work by United States Government, categorized under World Maps.",1995,422,4.3,2162,"https://www.gutenberg.org/cache/epub/256/pg256.cover.medium.jpg",2
"Troilus and Criseyde","","Geoffrey Chaucer","British Literature, Classics Of Literature, Poetry","""Troilus and Criseyde"" by Geoffrey Chaucer is an epic poem written in the mid-1380s. Set during the siege of Troy, it tells the tragic love story of Troilus, a Trojan prince, and Criseyde, daughter of a prophet who has fled to the Greeks. With help from Criseyde's cunning uncle Pandarus, the lovers unite—but war intervenes when Criseyde must be exchanged for a prisoner. Separated and uncertain, their devotion faces its ultimate test in the Greek camp.",1400,528,4.3,2152,"https://www.gutenberg.org/cache/epub/257/pg257.cover.medium.jpg",10
"Poems by Adam Lindsay Gordon","","Adam Lindsay Gordon","Poetry, Australia, Gordon, Adam Lindsay, 1833-1870","""Poems by Adam Lindsay Gordon"" by Adam Lindsay Gordon is a collection of poetry that was likely written during the late 19th century. This compilation reflects on themes of nature, human experience, and mortality, drawing from Gordon's own adventurous life as an Australian poet and steeplechase rider. The poems encapsulate the essence of the Australian landscape and the emotional turmoil of existence, exploring both the beauty and melancholy inherent in life. The opening portion of the collection begins with a moving tribute by poet Henry Kendall in memory of Adam Lindsay Gordon, capturing the grief felt by those who knew him and establishing an atmosphere of deep reflection. It showcases the powerful emotional connection between friendship and loss, as Kendall mourns Gordon's passing while celebrating his literary contributions. The preface by Marcus Clarke further contextualizes Gordon's poetry, discussing his background, struggles, and the unique qualities of his work that herald the beginnings of a national poetic identity in Australia. This introduction sets the stage for readers to explore Gordon's writings, which promise an exploration of the human soul amid the rugged beauty and harsh realities of life.",1870,435,4.0,1546,"https://www.gutenberg.org/cache/epub/258/pg258.cover.medium.jpg",7
"Ballads of a Cheechako","","Robert W. Service","Adventure, Poetry, Frontier And Pioneer Life","""Ballads of a Cheechako"" by Robert W. Service is a collection of narrative poems written in the early 20th century. The poems reflect on the experiences of those who ventured into the wild and often unforgiving landscapes of the North, particularly during the Klondike Gold Rush period. Through vivid imagery and a unique poetic voice, Service captures the spirit of adventure, hardship, and the allure of wealth that drove individuals to seek fortune in the wilderness. At the start of the collection, the opening poem sets a tone of reverence to the North and its rugged beauty, inviting readers into the grim yet enchanting world where men were drawn by the glimmer of gold and the mystique of the Northern lights. The poem ""To the Man of the High North"" pays tribute to the explorers, highlighting the dual nature of their journey—a combination of splendid victories and harsh realities. The subsequent poem, ""Men of the High North,"" continues this theme, encapsulating the pride and struggles of the adventurers in the rugged Arctic terrain. Throughout these introductory verses, readers meet a cast of characters who embody the spirit of the age: brave pioneers, reckless fortune-seekers, and the specter of greed that looms over them all.",1958,140,4.3,2169,"https://www.gutenberg.org/cache/epub/259/pg259.cover.medium.jpg",9
"An Introduction to the Study of Robert Browning's Poetry","","Robert Browning, Hiram Corson","Poetry, Browning, Robert, 1812-1889","""An Introduction to the Study of Robert Browning's Poetry"" by Hiram Corson is a critical examination of the poetry of Robert Browning, written during the late 19th century. The book aims to offer guidance for understanding Browning's complex and subjective works, particularly focusing on his unique use of the dramatic monologue—a form he pioneered that reveals the psychological depth of his characters. The opening of the text sets the stage for an exploration into Browning's poetic techniques and thematic concerns, emphasizing the spirituality deeply embedded in his work. Corson discusses the challenges readers face when approaching Browning, noting that his poetry often intertwines intricate thought with dramatic expression. The preface, along with Corson's insights, suggests that the study of Browning's poetry is not merely an intellectual exercise but also a spiritual one, urging readers to connect with the emotional and metaphysical layers of his work. This foundational perspective paves the way for a detailed examination of specific poems, ultimately highlighting Browning's quest for deeper truths regarding the human experience.",1889,543,4.8,1652,"https://www.gutenberg.org/cache/epub/260/pg260.cover.medium.jpg",5
"A Dome of Many-Coloured Glass","","Amy Lowell","American Literature, Poetry, American Poetry","""A Dome of Many-Coloured Glass"" by Amy Lowell is a collection of lyrical poetry written in the early 20th century. This anthology showcases a range of poetic forms including sonnets and verses for children, reflecting on themes such as nature, love, and the human experience. The book is characterized by its rich imagery, emotional depth, and intricate musicality, typical of the modernist movement in literature. The collection consists of various poems that express Lowell's personal reflections and observations about life, nature, and art. Through vivid metaphors and delicate language, she explores emotions ranging from joy and wonder to sorrow and longing. The poems often evoke a sense of intimate beauty, whether it’s a nostalgic recollection of childhood or an appreciation of a fleeting moment in nature. Notable pieces such as “Before the Altar” and “The Green Bowl” highlight Lowell's ability to convey profound feelings and thoughts, inviting readers to engage with the beauty of both the natural world and the human condition. Overall, this collection offers a deeply engaging experience for anyone interested in poetic expression and emotional resonance.",1925,258,4.3,3169,"https://www.gutenberg.org/cache/epub/261/pg261.cover.medium.jpg",8
"The Collected Poems of Rupert Brooke","","Rupert Brooke","British Literature, Poetry, Brooke, Rupert, 1887-1915","""The Collected Poems of Rupert Brooke"" by Rupert Brooke is a collection of poetry written in the early 20th century, showcasing the work of a young British poet whose life was tragically cut short during World War I. The collection reflects Brooke's vivid emotions and rich sensibilities, presenting themes of love, nature, mortality, and the quest for meaning in life. His poetry is characterized by a freshness that resonates with the intensity of youth as well as a thoughtful engagement with existential questions. The opening of the collection introduces Brooke’s vibrant personality through his early poems, portraying a deep appreciation for life and its fleeting pleasures. In the initial pieces, the themes of love and beauty intermingle with a keen awareness of mortality, suggesting a conflict between the joy of living and the inevitability of death. Furthermore, the introduction highlights Brooke's vivid sensory language and unique insights, positioning him as a vital voice in early 20th-century poetry. The initial poems, such as ""The Great Lover,"" celebrate the simple yet profound experiences of life while also hinting at deeper existential reflections, setting the tone for the rest of the collection.",1915,164,4.0,1708,"https://www.gutenberg.org/cache/epub/262/pg262.cover.medium.jpg",7
"Trees, and Other Poems","","Joyce Kilmer","American Literature, Poetry, Poetry, Modern","""Trees, and Other Poems by Joyce Kilmer"" is a collection of poems written in the early 20th century. This anthology showcases Kilmer's appreciation for nature, spirituality, and the human experience, reflecting on both beauty and melancholy in life. The poems often celebrate the simplicity of everyday moments while also engaging with deeper philosophical themes. The collection includes notable pieces like ""Trees,"" which famously extols the virtues of nature through the metaphor of a tree, portraying it as a divine creation. Other poems explore themes of love, loss, and the passage of time, often imbued with a sense of longing and appreciation for the transient beauty of life. Kilmer's work blends personal reflection with universal themes, providing readers with a lyrical exploration of both the inner and outer worlds. Throughout the book, there is a palpable reverence for the natural world and an exploration of the poet's place within it, making the collection resonate with those seeking both beauty and meaning in poetry.",1918,539,4.1,1372,"https://www.gutenberg.org/cache/epub/263/pg263.cover.medium.jpg",3
"Main Street, and Other Poems","","Joyce Kilmer","Poetry, City And Town Life, Poetry, Modern","""Main Street, and Other Poems by Joyce Kilmer"" is a collection of poetry written in the early 20th century. The volume reflects the sentiments and aesthetics of wartime and the everyday experiences of life, showcasing themes such as nature, love, community, and the impacts of war. Kilmer's work often intertwines personal emotions with broader human experiences, presenting a poignant exploration of existence through a lyrical lens. The collection includes a variety of poems that express nostalgia for simpler times, appreciation for nature, and reflections on love and loss. The titular poem ""Main Street"" evokes a sense of familiarity and comfort through vivid imagery of a small-town street in different seasons, contrasting it with the coldness of busy city life. Other poems, like ""In Memory"" and ""Easter Week,"" delve into deeper themes, touching on grief and the enduring spirit of humanity amidst adversity. Kilmer's work is characterized by its emotional depth and rhythmic beauty, making it a thoughtful read for anyone interested in the interplay of personal experience and collective memory during a tumultuous era.",1918,499,4.4,2528,"https://www.gutenberg.org/cache/epub/264/pg264.cover.medium.jpg",4
"The Life and Death of Cormac the Skald","","Various","Historical Novels, Mythology, Legends & Folklore, Sagas","""The Life and Death of Cormac the Skald"" by W. G. Collingwood and Jón Stefánsson is a saga translation written in the 13th century. It tells the story of tenth-century Icelandic poet Kormak Ogmundsson and his doomed love for Steingerd Torkelsdottir. A curse causes Kormak to arrive late for his own wedding, forcing Steingerd to marry another. The saga follows Kormak's journey to Ireland with King Harald Greycloak and his eventual fate in Scotland, preserving many poems about his lost love.",1995,546,4.4,1319,"https://www.gutenberg.org/cache/epub/265/pg265.cover.medium.jpg",8
"Confessio Amantis","or, Tales of the Seven Deadly Sins","John Gower","British Literature, Classics Of Literature, Poetry","""Confessio Amantis; Or, Tales of the Seven Deadly Sins"" by John Gower is a 33,000-line Middle English poem composed between 1386 and 1390. An aging lover confesses to Venus's chaplain, creating a framework for dozens of narrative tales. Commissioned by King Richard II, this work stands among the greatest achievements of late 14th-century English literature. Written in plain style with octosyllabic couplets, it was one of the most copied manuscripts before printing, rivaling Chaucer's ""Canterbury Tales"" in popularity and sharing several stories with it.",1408,385,4.8,1333,"https://www.gutenberg.org/cache/epub/266/pg266.cover.medium.jpg",8
"The Touchstone","","Edith Wharton","American Literature, Novels, Love-Letters","""The Touchstone"" by Edith Wharton is a novella published in 1900. Stephen Glennard faces financial ruin and cannot afford to marry the woman he loves. In desperation, he sells intimate letters written to him by Margaret Aubyn, a now-deceased famous author who once pursued him. The sale brings wealth and marriage, but mounting guilt over his betrayal threatens to destroy everything he has gained through this act of treachery.",1900,492,4.1,3161,"https://www.gutenberg.org/cache/epub/267/pg267.cover.medium.jpg",2
"The Octopus","A Story of California","Frank Norris","American Literature, Novels, California","""The Octopus: A Story of California"" by Frank Norris is a novel published in 1901. It chronicles the brutal conflict between wheat farmers in California's San Joaquin Valley and a powerful railroad corporation seeking to seize their land. As ranchers band together to defend their livelihoods against monopolistic forces, loyalties fracture, violence erupts, and lives are destroyed. Through bribery, betrayal, and bloodshed, Norris depicts how impersonal economic powers crush individuals caught in their path, culminating in tragedy for both the innocent and the corrupt.",1901,462,4.6,1782,"https://www.gutenberg.org/cache/epub/268/pg268.cover.medium.jpg",3
"Beasts and Super-Beasts","","Saki","British Literature, Humour, Short Stories","""Beasts and Super-Beasts"" by Saki is a collection of short stories published in 1914. This volume showcases Saki's signature cynicism and wry humor through tales that largely feature animals, including the frequently anthologized ""The Open Window."" Several stories feature the recurring character Clovis Sangrail. As Saki's final collection before his death in World War I, the work displays the simple language and sardonic wit that defined his literary style, parodying George Bernard Shaw's title while delivering sharp social commentary.",1914,554,4.1,2147,"https://www.gutenberg.org/cache/epub/269/pg269.cover.medium.jpg",7
"Dream Days","","Kenneth Grahame","British Literature, Children & Young Adult Reading, Short Stories","""Dream Days"" by Kenneth Grahame is a collection of children's fiction and childhood reminiscences published in 1898. A sequel to ""The Golden Age,"" it follows the same family of five children through stories that capture an unsentimental view of childhood. Adults remain oblivious to the young people's true concerns, griefs, and rages. The collection is best known for including Grahame's beloved tale ""The Reluctant Dragon,"" which has overshadowed the other selections in the book's legacy.",1898,466,4.4,1099,"https://www.gutenberg.org/cache/epub/270/pg270.cover.medium.jpg",3
"Black Beauty","$b The autobiography of a horse","Anna Sewell","Best Books Ever Listings, British Literature, Children & Young Adult Reading","""Black Beauty"" by Anna Sewell is a novel published in 1877. Told as an autobiography narrated by a horse, it follows Black Beauty from his carefree days as a foal through hardships as a working horse in London to eventual retirement. Through the horse's perspective, the story reveals both cruelty and kindness in Victorian England's treatment of animals. Each chapter presents moral lessons about compassion and respect, not only toward horses but toward all beings. The groundbreaking novel became an immediate bestseller and remains one of history's most-read books.",1877,519,4.3,23824,"https://www.gutenberg.org/cache/epub/271/pg271.cover.medium.jpg",8
"An Open Letter on Translating","","Martin Luther","Essays, Letters & Speeches, History - Early Modern (c. 1450-1750), Religion/Spirituality","""An Open Letter on Translating"" by Martin Luther is a theological treatise written in the early 16th century, during the period of the Reformation. The book serves as a defense of Luther's translations of the Bible into German, primarily taking aim at critiques from Catholic authorities regarding his interpretations of scripture. The text discusses the challenges and responsibilities of translating sacred texts, especially when addressing contentious theological issues such as justification by faith alone. In the letter, Luther responds to a friend’s inquiries about his translation choices, particularly the inclusion of the word ""sola"" (alone) in his version of Romans 3:28, arguing that faith alone is central to Christian salvation and necessary to convey the meaning intended by St. Paul. He emphasizes the importance of using accessible language that resonates with common speakers of German rather than relying solely on literal translations from Greek or Latin, which may be unclear or misleading. Luther's passionate advocacy for a more nuanced and heartfelt approach to translation highlights his belief that language should serve the needs of believers seeking to understand and engage with the Christian faith. Throughout, he defends his authority and capability as a translator against accusations from his opponents, asserting that a proper understanding of scripture is paramount for the well-being of the church.",1546,424,4.0,3367,"https://www.gutenberg.org/cache/epub/272/pg272.cover.medium.jpg",7
"The Smalcald Articles","","Martin Luther","History - Early Modern (c. 1450-1750), Religion/Spirituality, Christianity","""The Smalcald Articles"" by Martin Luther is a summary of Lutheran doctrine written in 1537 for a meeting of the Schmalkaldic League. Commissioned to prepare for an intended church council, Luther outlined what he considered Christianity's most significant teachings. Though not adopted at the 1537 meeting due to concerns about divisiveness, Luther valued the Articles so highly he included them in his will. The text eventually became a confessional document in the Book of Concord in 1580.",1537,240,4.2,1456,"https://www.gutenberg.org/cache/epub/273/pg273.cover.medium.jpg",10
"Disputation of Doctor Martin Luther on the Power and Efficacy of Indulgences","","Martin Luther","History - Early Modern (c. 1450-1750), Philosophy & Ethics, Religion/Spirituality","""Disputation of Doctor Martin Luther on the Power and Efficacy of Indulgences"" by Martin Luther is a list of propositions written in 1517. A professor of moral theology challenges the Catholic Church's practice of selling indulgences—certificates meant to reduce punishment for sins in purgatory. Luther questions whether the pope truly has authority over souls and argues that genuine repentance matters more than purchased pardons. These propositions, framed for academic debate, would ignite theological controversy and retrospectively mark the beginning of the Protestant Reformation.",1517,278,4.2,1469,"https://www.gutenberg.org/cache/epub/274/pg274.cover.medium.jpg",3
"The Augsburg Confession","The confession of faith, which was submitted to His Imperial Majesty Charles V at the diet of Augsburg in the year 1530","Philipp Melanchthon","History - Early Modern (c. 1450-1750), History - Religious, Philosophy & Ethics","""The Augsburg Confession"" by Philipp Melanchthon is a confession of faith presented in 1530. Written in both German and Latin, this foundational document of the Lutheran Church was presented at the Diet of Augsburg to Emperor Charles V, who sought to restore religious unity in the Holy Roman Empire. The confession contains twenty-eight articles outlining Lutheran beliefs and addressing perceived abuses in the Catholic Church. Its public reading marked a defining moment in the Protestant Reformation, establishing the theological principles that would shape Lutheran Christianity.",1530,456,4.8,1876,"https://www.gutenberg.org/cache/epub/275/pg275.cover.medium.jpg",8
"Franz Haydn's 104th Symphony [1794-5]","MIDI file","Joseph Haydn","Music","""Franz Haydn's 104th Symphony [1794-5]"" by Joseph Haydn is a symphony composed in 1795. This work marks Haydn's final symphony and concludes his celebrated twelve London symphonies. Composed during his residence in London, it premiered successfully at the King's Theatre, earning Haydn significant acclaim and profit. The symphony opens with a dramatic minor-key introduction before transitioning to spirited major themes. Its finale draws on folk music traditions, featuring a drone bass and a melody with possible Croatian folk origins, creating an exuberant conclusion to Haydn's symphonic legacy.",1794,352,4.6,2026,"https://www.gutenberg.org/cache/epub/276/pg276.cover.medium.jpg",2
"Trinity Site","","National Atomic Museum","History - American, History - Modern (1750+), History - Warfare","""Trinity Site"" by the U.S. Department of Energy is a historical account produced in the late 20th century that details the events surrounding the first atomic bomb test conducted on July 16, 1945, within the New Mexico desert as part of the Manhattan Project. The book focuses on the Trinity test, its preparations, and the aftermath, providing insights into the monumental event that changed the course of history and ushered in the Atomic Age. The narrative begins with a thorough description of the Trinity test site and the decision to conduct the test in the Jornada del Muerto Valley. It chronicles the meticulous preparations leading up to the detonation, including the assembly of the plutonium core and the setup of observation points. The explosion itself is depicted with vivid imagery, capturing the awe and terror of the event. The book also explores the significance of the test within the larger context of World War II and nuclear development, detailing both the immediate effects and the long-term implications for science and warfare. Additionally, it touches on the legacy of the site and the subsequent establishment of the National Atomic Museum, which serves as a repository of information and artifacts from the Atomic Age.",1995,404,4.3,1727,"https://www.gutenberg.org/cache/epub/277/pg277.cover.medium.jpg",2
"Trinity Site","1945-1995.: A National Historic Landmark, White Sands Missile Range, New Mexico","White Sands Missile Range . Public Affairs Office","History - American, History - Modern (1750+), History - Warfare","""Trinity Site: 1945-1995"" by White Sands Missile Range Public Affairs Office is a historical account that documents the significance of the Trinity Site, where the first atomic bomb was detonated in 1945. Written during the late 20th century, this publication provides insights into the events surrounding the Manhattan Project and the subsequent developments at the White Sands Missile Range. It serves as a reflection on the impact of nuclear technology on human history and the environment, particularly focusing on the site itself and its designation as a National Historic Landmark. The book details the origins of the atomic bomb, starting with the Manhattan Project, and goes on to describe the scientific and logistical preparations for the Trinity test. It chronicles significant milestones, including the construction of the bomb, the assembly process at the McDonald ranch house, and the actual test, which took place on July 16, 1945. Through a combination of factual reporting and firsthand accounts, the narrative highlights the awe-inspiring yet terrifying moment of the explosion, the immediate aftermath, and the long-term implications of nuclear weaponry. It not only provides technical details but also offers a human perspective, recounting the experiences of those involved in the historic event.",1945,398,4.0,1778,"https://www.gutenberg.org/cache/epub/278/pg278.cover.medium.jpg",7
"Photos and Maps of Trinity (Atomic Test) Site","","Various","History - American, History - Modern (1750+), History - Warfare","""Photos and Maps of Trinity (Atomic Test) Site"" is a visual documentation created in the late 20th century, likely during the 1990s or early 2000s. This book comprises a collection of photographs and maps related to the Trinity test, the first detonation of a nuclear weapon conducted as part of the Manhattan Project. The primary focus of the book is to illustrate the key locations and events associated with this groundbreaking moment in history. The book features various images, including photographs of the base camp for workers at the Trinity site, the atomic blast, and notable figures such as J. Robert Oppenheimer and General Leslie Groves examining the aftermath of the explosion. Additionally, it includes pictures of the assembly of the plutonium core, known as the ""gadget,"" and maps that guide visitors to the Trinity site today. Through these visuals, the publication captures not only the technical aspects of the atomic test but also the historical significance of the event, giving readers a poignant glimpse into a pivotal moment that shaped modern history.",1995,310,4.8,1624,"https://www.gutenberg.org/cache/epub/279/pg279.cover.medium.jpg",5
"Records of a Family of Engineers","","Robert Louis Stevenson","Biographies, Engineering & Technology, History - British","""Records of a Family of Engineers"" by Robert Louis Stevenson is a historical account written in the early 20th century. The book delves into the lineage of the Stevenson family, particularly focusing on their contributions as engineers and their experiences across generations in Scotland, intertwining personal anecdotes with broader historical narratives. The opening of the book introduces the reader to the Stevenson family tree, tracing their surname's evolution and historical context from the 13th century onward. It reveals a lineage that has faced both successes and tragedies, with a particular focus on the early lives of James Stevenson, his brother Hugh, and their heir, Robert Stevenson. The text sketches their aspirations, marriages, and struggles, ultimately painting a portrait of a family deeply rooted in the engineering profession, set against the backdrop of the rugged Scottish landscape and societal changes of their time. This initial section not only captures the essence of their individual experiences but sets the stage for further exploration of the family's lasting impact on engineering.",1894,293,4.3,963,"https://www.gutenberg.org/cache/epub/280/pg280.cover.medium.jpg",6
"Father Damien","An Open Letter to the Reverend Dr. Hyde of Honolulu","Robert Louis Stevenson","British Literature, Essays, Letters & Speeches, Damien, Saint, Father, 1840-1889","""Father Damien: An Open Letter to the Reverend Dr. Hyde of Honolulu"" by Robert Louis Stevenson is a critical and passionate defense written in the late 19th century, reflecting the Victorian era's perspectives on morality and heroism. The book serves as an open letter in response to Reverend Dr. Hyde's disparaging comments about Father Damien, a missionary who dedicated his life to caring for leprosy patients on Molokai. The likely topic of the book centers around the defense of Damien's character and actions in light of the injustices and misrepresentations made by his detractors. In this open letter, Stevenson confronts Reverend Dr. Hyde's unjust criticisms of Father Damien with fervor and eloquence. He dissects Hyde's letter, which claims Damien was a ""coarse, dirty man"" who sought personal glory rather than altruistic motives. Stevenson refutes these claims by highlighting Damien's selfless commitment to the lepers, describing his sacrifices and the gratitude he earned from those he served. Throughout the letter, Stevenson captures the essence of Damien's humanity, portraying him as a flawed but noble figure whose contributions to society transcend the criticisms he faced. By emphasizing Damien's dedication amidst abject suffering and the failure of institutional support, Stevenson presents a powerful argument in favor of recognizing Damien as a true hero.",1894,477,4.3,2016,"https://www.gutenberg.org/cache/epub/281/pg281.cover.medium.jpg",2
"Eothen","or, Traces of Travel Brought Home from the East","Alexander William Kinglake","Travel Writing, Kinglake, Alexander William, 1809-1891, Middle East","""Eothen; Or, Traces of Travel Brought Home from the East"" by A. W. Kinglake is a travel narrative written in the mid-19th century. The book recounts the author's experiences as he journeys from Europe into the Ottoman Empire, particularly focusing on the cultural and geographical contrasts he encounters, as well as the characters he meets along the way. At the start of the narrative, the author describes his departure from Semlin, situated on the fringes of Europe, towards the contrasting world of the East, marked by the looming presence of historic Belgrade and the customs of its Ottoman inhabitants. He introduces a sense of tension between the Hungarian and Ottoman people, emphasizing the separation caused by fear of plague. The narrative captures the author's initial interactions with Turkish locals and describes their traditional attire, demeanor, and the aura of the Ottoman culture. The opening thus sets the stage for a broader exploration of themes related to East and West, cultural exchange, and personal transformation in a land imbued with rich history and complex social dynamics.",1891,483,4.5,817,"https://www.gutenberg.org/cache/epub/282/pg282.cover.medium.jpg",9
"The Reef","","Edith Wharton","American Literature, Novels, Americans","""The Reef"" by Edith Wharton is a novel published in 1912. American diplomat George Darrow reconnects with his former love, the widowed Anna Leath, hoping to resume their romance. But when a brief affair with young Sophy Viner complicates matters—especially after Sophy becomes governess to Anna's daughter and engaged to Anna's stepson—hidden passions and jealousies threaten everyone's future. Set in Paris and rural France, this tale explores the destructive power of secrets and desire.",1912,205,4.7,1059,"https://www.gutenberg.org/cache/epub/283/pg283.cover.medium.jpg",3
"The House of Mirth","","Edith Wharton","Bestsellers, American, 1895-1923, American Literature, Novels","""The House of Mirth"" by Edith Wharton is a novel published in 1905. It follows Lily Bart, a beautiful but impoverished woman navigating New York City's high society in the 1890s. As twenty-nine-year-old Lily seeks a husband to secure her future, she faces a slow two-year social descent from privilege toward the margins of society. Wharton crafts a sharp tragedy that exposes the moral corruption of an irresponsible upper class that casually destroys what is most beautiful within it.",1905,378,4.0,2877,"https://www.gutenberg.org/cache/epub/284/pg284.cover.medium.jpg",3
"The Lost Continent","","C. J. Cutcliffe Hyne","Adventure, Novels, Science-Fiction & Fantasy","""The Lost Continent"" by Charles John Cutcliffe Wright Hyne is a fantasy novel published in 1899. This classic retelling of Atlantis combines Plato's legendary account with Greek mythology about humanity's survival of a great flood. Told through a framing device, the story follows Deucalion, a warrior-priest of ancient Atlantis, as he fights to save his civilization from destruction at the hands of the avaricious Empress Phorenice. His heroic battle unfolds against the backdrop of a doomed continent sinking beneath the waves.",1899,569,4.6,1095,"https://www.gutenberg.org/cache/epub/285/pg285.cover.medium.jpg",3
"Laddie","A True Blue Story","Gene Stratton-Porter","Bestsellers, American, 1895-1923, Adventure, American Literature","""Laddie: A True Blue Story"" by Gene Stratton-Porter is a fictional narrative likely written during the early 20th century. The story centers around the relationship between two characters: Laddie, an older brother who embodies love and adventure, and his younger sister, affectionately referred to as Little Sister. Their bond is highlighted through their innocent conversations and imaginative escapades, reflecting themes of family loyalty and the tenderness of childhood. The beginning of the story introduces us to Little Sister as she interacts with Laddie, who enlists her help in delivering a letter to a mysterious Fairy Princess he has invited to their Big Woods. Initially filled with excitement about the secret mission, Little Sister's expedition showcases her deep admiration for Laddie, who is portrayed as a protective and charismatic figure in her life. As she navigates her journey through the woods, readers are drawn into her vivid imaginative world, where the lines between reality and fantasy blur. The opening pages establish a charming atmosphere enriched with whimsical elements, suggesting that the book will explore themes of adventure, magic, and family dynamics as the story unfolds.",1924,171,4.3,1566,"https://www.gutenberg.org/cache/epub/286/pg286.cover.medium.jpg",5
"Remember the Alamo","","Amelia E. Barr","American Literature, Historical Novels, Novels","""Remember the Alamo"" by Amelia E. Barr is a historical novel written in the late 19th century. The narrative begins in the picturesque city of San Antonio, Texas, in the lead-up to the Mexican-American conflict where figures from diverse backgrounds, including American settlers, Mexicans, and Native Americans, interact amidst growing tensions. Central to the opening chapters are Dr. Robert Worth, a respected physician navigating the complexities of family and political loyalties, and his daughter Antonia, who embodies the cultural nuances of her heritage while grappling with emerging conflicts. The opening of the novel paints a vivid picture of San Antonio in the mid-19th century, characterized by its cultural diversity and the intertwining lives of its inhabitants. As Dr. Worth engages with his community, we witness Antonia's youthful hopes and loves, particularly her connection with the charming Don Luis, against the backdrop of the increasing call for independence among American settlers. Layered with themes of family, identity, and freedom, the story unfolds as the setting transforms from a romanticized city into a battleground of ideals, thus establishing a rich context for the broader historical events that will inevitably lead to the iconic phrase, ""Remember the Alamo.""",1919,347,4.8,1620,"https://www.gutenberg.org/cache/epub/287/pg287.cover.medium.jpg",9
"The Certain Hour (Dizain des Poëtes)","","James Branch Cabell","American Literature, Novels, Fantasy","""The Certain Hour"" by James Branch Cabell is a collection of literary reflections and narratives written in the early 20th century. The work explores themes of artistic ambition, the nature of creativity, and the complexities of love, primarily through the lens of its central character, Felix Kennaston, a poet and toy-maker. Through Kennaston's experiences and musings, the author delves into the struggles an artist faces while attempting to express the beauty of life amidst societal expectations and personal dilemmas. At the start of the narrative, we are introduced to Felix Kennaston, whose dual identity as a poet and a toy-maker symbolizes the conflict between artistic idealism and the frivolity of life. The opening chapters suggest a reflective tone as Kennaston contemplates his position in the world, the nature of his craft, and his relationships, particularly with love and ambition. Cabell sets the stage for a deeper examination of the artistic spirit, confronting societal norms and sensual experiences, while offering a critical perspective on contemporary life and the relationships that define it. The tone combines both wistfulness and irony, hinting at a richly layered narrative that questions the very essence of existence and creativity.",1958,393,4.0,2396,"https://www.gutenberg.org/cache/epub/288/pg288.cover.medium.jpg",7
"The Wind in the Willows","","Kenneth Grahame","Best Books Ever Listings, British Literature, Children & Young Adult Reading","""The Wind in the Willows"" by Kenneth Grahame is a children's novel published in 1908. It follows Mole, Ratty, and Badger as they attempt to help the wealthy but reckless Mr. Toad, who becomes dangerously obsessed with motorcars and lands himself in serious trouble. Their adventures along the riverbank and through the Wild Wood blend friendship, excitement, and humor. Based on bedtime stories Grahame told his son, this tale of anthropomorphized animals has become a beloved classic of British literature.",1908,304,4.0,5411,"https://www.gutenberg.org/cache/epub/289/pg289.cover.medium.jpg",5
"The Stark Munro Letters","Being series of twelve letters written by J. Stark Munro, M.B., to his friend and former fellow-student, Herbert Swanborough, of Lowell, Massachusetts, during the years 1881-1884","Arthur Conan Doyle","British Literature, Novels, Epistolary Fiction","""The Stark Munro Letters"" by Arthur Conan Doyle is an epistolary novel published in 1895. Written shortly after killing off Sherlock Holmes, Conan Doyle crafted this deeply autobiographical work to pursue a more literary direction. Through twelve letters spanning 1881 to 1884, young medical graduate J. Stark Munro writes to his American friend, detailing his struggles to establish a practice alongside the brilliant but eccentric James Cullingworth. The novel explores themes of faith, family relationships, and the author's journey from Catholicism toward spiritualism.",1881,296,4.0,592,"https://www.gutenberg.org/cache/epub/290/pg290.cover.medium.jpg",2
"The Golden Age","","Kenneth Grahame","British Literature, Children & Young Adult Reading, Novels","""The Golden Age"" by Kenneth Grahame is a collection of reminiscences first published in 1895. Through a child's eyes, adults become distant ""Olympians"" who have forgotten what it means to be young. Grahame captures the perpetual warfare between children and the grown-up world, weaving classical mythology into everyday childhood adventures. Widely praised upon release, this pioneering work explores themes of youth and imagination that would influence later authors like J.M. Barrie, establishing itself as a classic of its genre.",1895,542,4.3,948,"https://www.gutenberg.org/cache/epub/291/pg291.cover.medium.jpg",6
"Beauty and the Beast, and Tales of Home","","Bayard Taylor","Novels, Russian Literature, Short Stories","""Beauty and the Beast"" by Bayard Taylor is a novel that intertwines fact and fancy, presenting a narrative set in mid-19th century Russia. The story engages with themes of love, power dynamics, and societal customs, focused on the characters of Prince Alexis, his wife Princess Martha, and their son Prince Boris. It explores the complexities of their lives within the context of Russian nobility and serfdom, revealing the interpersonal struggles and emotions that shape their world. The opening portion introduces us to Kinesma, a town on the Volga, where Prince Alexis finds himself in turmoil over a postponed dinner. His comedic insistence on avoiding a festival for his son leads to a series of events involving a drunken bear and a harried court-poet, setting the stage for the whimsical yet dark environment of the castle. As the narrative unfolds, we witness the egocentric behaviors of Alexis, the meekness of Princess Martha, and the cowardly nature of Boris, all richly painted against the backdrop of Russian culture and humor. The tone oscillates between severe brutality and lighthearted farce, foreshadowing the transformations that will occur as their lives progress.",1878,443,4.4,2719,"https://www.gutenberg.org/cache/epub/292/pg292.cover.medium.jpg",6
"Paul Prescott's Charge","","Horatio Alger, Jr.","Adventure, American Literature, Children & Young Adult Reading","""Paul Prescott's Charge"" by Horatio Alger, Jr. is a novel aimed at young readers, likely written in the late 19th century. The book follows the story of a young boy named Paul Prescott, whose life takes a tragic turn upon the death of his father. Left alone in the world, Paul grapples with the responsibilities and challenges that arise from a debt his father accrued, along with his determination to pay it off. The opening of the story introduces us to Paul's difficult home life and the stern figure of Squire Newcome, who represents authority and societal expectations. As we dive into Paul's world, we meet his mischievous friend Ben, who provides a lighthearted contrast to the serious themes of loss and responsibility. After the death of his father, Paul makes the courageous decision to run away and seek a better life, motivated by his father's wishes and the promise of adventure. Paul's journey begins as he leaves the oppressive environment of the Poor House, promising to confront the challenges ahead with determination and hope for the future. The narrative establishes a rich backdrop for themes of perseverance, friendship, and the quest for a brighter existence.",1899,450,4.2,3335,"https://www.gutenberg.org/cache/epub/293/pg293.cover.medium.jpg",3
"The Captain of the Polestar, and Other Tales","","Arthur Conan Doyle","Adventure, British Literature, Short Stories","""The Captain of the 'Polestar' and Other Tales"" by Sir Arthur Conan Doyle is a collection of short stories written in the late 19th century. The opening story focuses on a whaling expedition to the Arctic, narrated by John M'Alister Ray, a medical student on board a ship named the Polestar, captained by the enigmatic Nicholas Craigie. As they navigate through treacherous icy waters, tension builds not only from the perilous circumstances of their surroundings but also from the psychological complexities of the captain and the crew's growing discontent. At the start of ""The Captain of the 'Polestar',"" we are introduced to the dire conditions faced by the crew as they become trapped among massive ice fields, with dwindling supplies and approaching storms. The narrator details his observations of Captain Craigie's unpredictable behavior, oscillating between moments of commanding authority and deep personal turmoil. Through entries in his journal, Ray reveals the superstitions and fears affecting the crew, alongside the uncanny events that transpire, including the captain's fixation on an elusive vision he claims to see in the ice. As tensions rise, the narrative foreshadows a tragic conclusion, heightening the suspense that intertwines psychological horror with the harsh realities of Arctic exploration.",1930,217,4.5,1489,"https://www.gutenberg.org/cache/epub/294/pg294.cover.medium.jpg",8
"The Early Short Fiction of Edith Wharton","Part 1","Edith Wharton","American Literature, Short Stories, Fiction","""The Early Short Fiction of Edith Wharton — Part 1"" by Edith Wharton is a collection of short stories written during the late 19th and early 20th centuries. This volume includes narratives that delve into themes of human emotion, the complexities of social relationships, and the haunting aspects of memory and loss, as showcased in stories such as ""Kerfol"" and ""Mrs. Manstey's View."" The work reflects Wharton's keen insight into the lives of the early modern American upper class and their surroundings. The opening portion of ""Kerfol,"" the first story in the collection, introduces an unnamed narrator inspired by a friend's suggestion to visit a mysterious estate called Kerfol, steeped in history and potential ghostly tales. As the narrator explores the hauntingly beautiful landscape and eerie silence of the estate, he encounters a pack of dogs that seem to guard the property. The rich imagery emphasizes the contrast between the palpable sense of life and the ghostly feeling that pervades the house, hinting at underlying themes of longing and reflection on past events. The narrator's exploration not only serves as a physical journey but as a metaphysical one, questioning the nature of existence in the wake of past sorrow and emotional scars.",1937,407,4.0,3064,"https://www.gutenberg.org/cache/epub/295/pg295.cover.medium.jpg",9
"The Cash Boy","","Horatio Alger, Jr.","American Literature, Children & Young Adult Reading, Novels","""The Cash Boy"" by Horatio Alger, Jr. is a coming-of-age novel written in the late 19th century. The story revolves around Frank Fowler, a young boy who, after losing his mother, faces the daunting reality of survival in a world that appears hostile towards orphans and the impoverished. With resilience and determination, Frank embarks on a journey to support himself and his younger sister, Grace, while uncovering the truths of his identity and fate. At the start of the narrative, Frank is confronted with the sickness of his adoptive mother, which leads to her eventual death. As he grapples with grief, he learns that he is not related to Grace by blood, which adds layers of complexity to his situation. Despite these hardships and the looming threat of being sent to a poorhouse by the local deacon, Frank's inner strength and unwavering commitment to protect Grace drive him forward. Early on, he finds opportunities for employment in a nearby town and a retail store, and his character begins to shine as he navigates friendships and possible betrayals. The opening sets the stage for themes of perseverance, identity, and social class dynamics, engaging readers who appreciate tales of triumph against adversity.",1899,467,4.1,1163,"https://www.gutenberg.org/cache/epub/296/pg296.cover.medium.jpg",5
"The Flirt","","Booth Tarkington","American Literature, Novels, Romance","""The Flirt"" by Booth Tarkington is a novel written in the early 20th century. The story follows Valentine Corliss, a young man returning to his hometown after years abroad. His arrival reintroduces romantic complexities as he finds himself at the center of attention among local social circles, particularly concerning the beautiful Cora Madison and her perceived affections. At the start of the novel, we meet Valentine Corliss as he strolls down Corliss Street on a hot summer day, reflecting on the changes in his hometown. He reminisces about past events and encounters familiar faces that spark memories, particularly relating to childhood rivalries. Shortly thereafter, he visits the Madison household, where he encounters Cora and her sister, Laura. Their contrasting personalities and interactions set the stage for emerging romantic tensions, with Cora being particularly captivated by Corliss's charm. The opening chapter establishes a rich sense of place, character dynamics, and the themes of attraction and social observation that will undoubtedly unfold throughout the novel.",1946,347,4.5,3401,"https://www.gutenberg.org/cache/epub/297/pg297.cover.medium.jpg",5
"The Market-Place","","Harold Frederic","Bestsellers, American, 1895-1923, British Literature, Novels","""The Market-Place"" by Harold Frederic is a novel published posthumously in 1899. It follows Joel Thorpe, a powerful financier who builds a fortune through a rubber syndicate and marries into English aristocracy. After achieving wealth and leisure, he loses his sense of purpose and the commanding strength that once defined him. The novel explores the ethics of money-getting and the role of ambition in modern business, presenting finance as a field for daring and imagination.",1899,454,4.4,2434,"https://www.gutenberg.org/cache/epub/298/pg298.cover.medium.jpg",3
"Tales from Two Hemispheres","","Hjalmar Hjorth Boyesen","American Literature, Novels, Short Stories","""Tales from Two Hemispheres"" by Hjalmar Hjorth Boysen is a collection of stories written in the late 19th century. The opening tale introduces Halfdan Bjerk, a young Norseman who arrives in America, filled with idealistic dreams of freedom and success but soon finds himself facing the stark realities of immigrant life and societal indifference. At the start of the book, we meet Halfdan as he disembarks in New York, excited yet terrified of his new life. As he navigates the bustling streets, he grapples with feelings of isolation and dislocation, compounded by a series of misfortunes, including losing his belongings and being fined as a vagrant. Through his encounters—both with the charming innocence of a young girl named Clara and the dismissive attitudes of adults—Boysen paints a poignant portrait of an immigrant's struggle to find his place in a vibrant yet unforgiving society. The opening effectively sets the stage for Halfdan's journey, highlighting themes of belonging, identity, and the often harsh contrast between dreams and reality.",1895,532,4.3,3110,"https://www.gutenberg.org/cache/epub/299/pg299.cover.medium.jpg",5
"United States Declaration of Independence","","Thomas Jefferson","Essays, Letters & Speeches, History - American, Politics","""United States Declaration of Independence"" by Thomas Jefferson is a founding document written in 1776. Drafted by Jefferson and edited by the Continental Congress, it explains why the Thirteen Colonies declared themselves independent from British rule. The document lists colonial grievances against King George III and asserts natural rights, including life, liberty, and the pursuit of happiness. Signed by delegates who risked execution for treason, it became one of history's most influential statements on human rights and self-governance.",1776,175,4.3,2578,"https://www.gutenberg.org/cache/epub/300/pg300.cover.medium.jpg",4
"The Ballad of Reading Gaol","","Oscar Wilde","British Literature, Poetry, Imprisonment","""The Ballad of Reading Gaol"" by Oscar Wilde is a poem written in 1897, after his release from prison following a conviction for gross indecency. The poem narrates the execution of Charles Thomas Wooldridge, a fellow prisoner who murdered his wife, weaving together objective storytelling with symbolic identification among all convicts. Wilde explores themes of punishment, brutalization, and shared humanity through the haunting refrain ""Yet each man kills the thing he loves."" Initially published anonymously under his cell number ""C.3.3.,"" the poem became an unexpected success.",1897,396,4.1,1520,"https://www.gutenberg.org/cache/epub/301/pg301.cover.medium.jpg",6
"The Fibonacci Number Series","","Michael Husted","Mathematics, Fibonacci Numbers","""The Fibonacci Number Series"" by Michael Husted is a scientific publication, likely written in the late 20th century or early 21st century. This work presents a detailed enumeration of the Fibonacci numbers up to the first thousand terms, showcasing their fascinating properties and sequences. At the start of the publication, the author provides a structured list of the Fibonacci numbers, spanning from the very first number, 1, to the 1,073,210,323,786,401st, highlighting the increasing number of digits in each successive term. The layout is straightforward, featuring simple entries that incrementally present each Fibonacci number alongside its corresponding number in the sequence, which is useful for readers interested in number theory or mathematical properties related to Fibonacci sequences. The meticulous presentation suggests that the book is designed both for educational purposes and for enthusiasts seeking an extensive resource on Fibonacci numbers.",1995,445,4.7,1530,"https://www.gutenberg.org/cache/epub/302/pg302.cover.medium.jpg",6
"HomeBrew HomePages Put YOU on the World Wide Web","","Anonymous","Engineering & Technology, How To ..., World Wide Web","""HomeBrew HomePages Put YOU on the World Wide Web"" by Anonymous is a shareware instructional guide written in the mid-1990s. The book aims to empower readers to create their own web pages, tapping into the burgeoning growth of the Internet during this time. It serves as a practical resource for individuals looking to establish an online presence as the World Wide Web became increasingly accessible to the general public. The content of the book focuses on providing users with the tools and instructions necessary to build their own web pages using the provided zip file, homeb10.zip. It emphasizes the importance of understanding the accompanying files and instructions to successfully create a personal web page. Through this guide, readers are likely to learn about basic web design principles, tools for customization, and the foundational components of web development, all tailored for beginners keen on diving into the digital realm.",1995,562,4.5,2719,"https://www.gutenberg.org/cache/epub/303/pg303.cover.medium.jpg",4
"Rio Grande's Last Race, and Other Verses","","A. B. Paterson","Australia, Poetry, Australian Poetry","""Rio Grande's Last Race and Other Verses"" by A. B. Paterson is a collection of poems written in the early 20th century. The poems encapsulate themes of Australian life, nature, and the spirit of farming and rural culture, featuring various characters and narratives that bring to life the country's unique landscape and experiences. The opening of the collection introduces several verses that highlight different facets of Australian life, beginning with ""Rio Grande's Last Race,"" which tells the poignant story of a fearless rider, Jack Macpherson, as he faces his destiny during a thrilling horse race. The poem employs vivid imagery of the racecourse and the spectral presence of past champions guiding him, setting a tone of tragic heroism. Other verses, such as ""By the Grey Gulf-water"" and ""With the Cattle,"" expand the narrative to encompass themes of drought and perseverance amid hardship, suggesting a deep connection to the land and its challenging conditions. The opening portion poignantly showcases Paterson’s ability to weave stories about the Australian spirit through engaging characters and evocative verse.",1941,496,4.3,1021,"https://www.gutenberg.org/cache/epub/304/pg304.cover.medium.jpg",6
"The Count's Millions","","Emile Gaboriau","Crime, Thrillers And Mystery, French Literature, Novels","""The Count's Millions"" by Emile Gaboriau is a novel written during the late 19th century. The story is set in Paris and revolves around the enigmatic Count de Chalusse, his tumultuous household, and the mystery surrounding his wealth after an unfortunate incident leaves him incapacitated. The opening introduces the key characters, including the count’s beautiful ward, Marguerite, and the various servants who are embroiled in the intrigue and drama that unfolds with the count's sudden illness. The opening of the novel depicts a stormy evening where the servants at the Hotel de Chalusse engage in gossip about their master and the oppressive atmosphere of the mansion. Their chatter is interrupted by the alarming arrival of a cab driver, who brings the count home in a state of unconsciousness after what appears to be a stroke. As the servants react with a mix of concern and selfish speculation about their futures, Marguerite appears on the scene, expressing deep anguish at the site of her guardian's condition. As the doctor arrives to assess the count's dire state, Marguerite learns that his earlier distress may have been triggered by a mysterious letter that he tore up, hinting at a connection to a larger intrigue that intertwines their fates. The opening lays the groundwork for a tale steeped in mystery, family secrets, and the struggle over immense wealth.",1873,295,4.1,2781,"https://www.gutenberg.org/cache/epub/305/pg305.cover.medium.jpg",8
"The Early Short Fiction of Edith Wharton","Part 2","Edith Wharton","American Literature, Short Stories, Fiction","""The Early Short Fiction of Edith Wharton — Part 2"" by Edith Wharton is a collection of short stories and verse written during the late 19th and early 20th centuries. This volume features a mix of enchanting narratives, including ghostly tales like ""Afterward,"" and explorative pieces that capture the essence of life and relationships. Wharton's work delves into themes of memory, nostalgia, and the complexities of human emotion, often set against vividly described backdrops of English and American settings. The opening of the collection focuses on ""Afterward,"" where we meet Mary and Edward Boyne, a couple who, after years of striving, settle into a rural English home named Lyng. Initially thrilled by their new life, Mary recalls a conversation with a friend about an elusive ghost in the house, shrouded in mystery and speculation. As they acclimate to their surroundings, a sense of foreboding emerges, particularly when hints of undisclosed secrets and unmentioned struggles begin to affect their relationship. The narrative sets a haunting tone, suggesting that the history of the house may intertwine with their present in ways that remain to be revealed, establishing a foundation for deeper exploration of existential themes that Wharton expertly crafts throughout her story collection.",1937,459,4.6,1054,"https://www.gutenberg.org/cache/epub/306/pg306.cover.medium.jpg",8
"Three Elephant Power, and Other Stories","","A. B. Paterson","Australia, Humour, Short Stories","""Three Elephant Power, and Other Stories"" by A. B. Paterson is a collection of short stories published in 1917. This anthology presents nineteen tales that capture authentic Australian life with Paterson's distinctive humor and keen eye for character. From motor cars to livestock, from bar-room oracles to amateur gardeners, these stories explore everyday happenings and reveal the underlying comedy of Australian rural and town life. Critics praised the collection as superior work, noting that discernment of character and authentic Australian tone shine through every page.",1917,268,4.1,808,"https://www.gutenberg.org/cache/epub/307/pg307.cover.medium.jpg",8
"Three men in a boat (to say nothing of the dog)","","Jerome K. Jerome","Best Books Ever Listings, British Literature, Humour","""Three Men in a Boat (To Say Nothing of the Dog)"" by Jerome K. Jerome is a humorous novel published in 1889. Three friends and a dog embark on a two-week boating holiday up the Thames from Kingston to Oxford. What begins as a planned travel guide transforms into a comic masterpiece filled with misadventures, digressive anecdotes, and witty observations about everything from camping disasters to fishing mishaps. The humor remains fresh over a century later, capturing the timeless absurdities of friendship, leisure, and the great British pastime of muddling through.",1889,488,4.0,6297,"https://www.gutenberg.org/cache/epub/308/pg308.cover.medium.jpg",5
"Rhymes of a Rolling Stone","","Robert W. Service","Poetry","""Rhymes of a Rolling Stone"" by Robert W. Service is a collection of poems written in the early 20th century. The work expresses themes of adventure, freedom, and the human experience, often reflecting a deep appreciation for nature and the simple joys of life. Service's style is marked by a robust and energetic tone, capturing the essence of wanderlust and the spirit of the outdoors. The opening of the collection introduces the poet's intent and philosophy. In the ""Prelude,"" Service declares that he writes not about idle dreams or romantic dalliance, but instead, he embraces an ""eager joy"" in the beauty of life and the call of adventure. The subsequent poem, ""A Rolling Stone,"" captures the speaker's longing for freedom and a carefree existence, emphasizing a connection to the natural world. Through lively imagery and rhythm, the reader is invited to join the poet's journey of exploration and discovery, revealing a love for both the wilderness and the camaraderie found in shared human experiences.",1958,208,4.8,1358,"https://www.gutenberg.org/cache/epub/309/pg309.cover.medium.jpg",2
"Before Adam","","Jack London","Adventure, American Literature, Novels","""Before Adam"" by Jack London is a fictional novel written in the early 20th century. The book explores themes of evolution and ancestral memory through the lens of a unique narrator who experiences vivid dreams of a prehistoric existence. The protagonist, referred to as Big-Tooth, recounts his childhood among primitive ancestors, facing fears and adventures that take place in the wild during the Mid-Pleistocene epoch. The opening of the novel introduces us to Big-Tooth, a child who grapples with nightmarish dreams filled with a profound sense of terror and longing for connection. He is different from his peers, as his dreams are populated by beings from a distant past, and he feels a strong disassociation between his waking life and his dream world. Through his memories, we meet other characters, such as his friend Lop-Ear and the ominous figure Red-Eye, whose violent presence contrasts with the camaraderie of the horde. Big-Tooth's narrative delves into his experiences of fear, discovery of nature, and the instinctual behaviors that define his existence, setting the stage for a deeper exploration of the primitive struggles of humanity.",1916,449,4.0,3223,"https://www.gutenberg.org/cache/epub/310/pg310.cover.medium.jpg",5
"Bunner Sisters","","Edith Wharton","American Literature, Novels, New York (N.Y.)","""Bunner Sisters"" by Edith Wharton is a novel written during the early 20th century. The story centers on the lives of two sisters, Ann Eliza and Evelina Bunner, who run a small, humble shop in New York City. Despite the modesty of their reality, the sisters cling to dreams and desires that often remain unfulfilled as they navigate their love lives, ambitions, and the societal expectations of their time. The opening of the novel introduces readers to the Bunner Sisters and their quaint yet deteriorating neighborhood in New York. As the sisters prepare for Evelina's birthday celebration, the mundane aspects of their lives come to light, revealing their limited financial means and their contentment with their simple existence. Ann Eliza's poignant interactions with Evelina reflect the tension between their reliance on one another and their individual longings. The narrative suggests a transformative presence in the form of Mr. Herman Ramy, whose connection with the sisters will likely complicate their lives further, hinting at themes of love, sacrifice, and the stark realities of their social status.",1937,375,4.4,761,"https://www.gutenberg.org/cache/epub/311/pg311.cover.medium.jpg",8
"Young Adventure","A Book of Poems","Stephen Vincent Benét","American Literature, Poetry, American Poetry","""Young Adventure: A Book of Poems"" by Stephen Vincent Benét is a poetry collection written in the early 20th century, specifically the 1910s. This collection encapsulates the themes of youth, adventure, and the corresponding emotions tied to coming-of-age experiences. Benét, an American poet known for his rich imagery and profound insights, presents verses that delve into the essence of youthful exploration and the vibrancy of life. The collection is composed of various poems, each offering a unique reflection on life's adventures, be it through the lens of romantic encounters, nostalgic moments in nature, or the struggles faced during a turbulent time in history. The poems range from the tense anticipation found in ""Before an Examination"" to the bittersweet reminiscences captured in ""Going Back to School."" Through vivid imagery and masterful language, Benét evokes the complexities of youth, the quest for identity, and the enduring power of memory. The work as a whole conveys a sense of wonder and longing, painting a tender yet poignant picture of what it means to embrace youth amidst the trials of life.",1943,489,4.3,2103,"https://www.gutenberg.org/cache/epub/312/pg312.cover.medium.jpg",5
"Children of the Night","","Edwin Arlington Robinson","American Literature, Poetry","""Children of the Night"" by Edwin Arlington Robinson is a poetry collection published in 1897. This second volume features poems that paint portraits of individuals and moments through Robinson's distinctive voice. Among its pages are works like ""Richard Cory"" and ""Luke Havergal,"" poems that would later gain recognition as masterpieces of American literature. The collection's initial quiet reception belied its enduring impact, eventually catching the attention of President Theodore Roosevelt himself.",1897,497,4.8,1780,"https://www.gutenberg.org/cache/epub/313/pg313.cover.medium.jpg",7
"Guide to Life and Literature of the Southwest, with a Few Observations","","J. Frank Dobie","Essays, Letters & Speeches, History - Other, Literature - Other","""Guide to Life and Literature of the Southwest"" by J. Frank Dobie is a comprehensive literary critique and cultural examination, published in the mid-20th century. This work serves as both a guide to the literature recalling the unique experiences and environments of the Southwest and a reflection on the region’s social history and diverse cultural influences. Dobie's writing emphasizes the necessity of understanding one's own cultural landscape while also advocating for broader literary appreciation beyond provincial confines. The opening of the book introduces readers to Dobie's personal reflections and teaching experiences regarding the ""Life and Literature of the Southwest."" He discusses the evolution of his thoughts since the initial publication of his guide a decade prior, suggesting that literature from the Southwest can often lack the depth of universal appeal. He critiques both the literary landscape and the tendency of readers to stick to subjects that echo their immediate surroundings, advocating instead for a broader, intellectual engagement with literature that transcends regional experiences. Through personal anecdotes and philosophical insights, Dobie establishes a framework for appreciating both the local culture and the broader human experience.",1964,204,4.6,1564,"https://www.gutenberg.org/cache/epub/314/pg314.cover.medium.jpg",2
"Rhymes of a Red Cross Man","","Robert W. Service","Bestsellers, American, 1895-1923, History - Warfare, Poetry","""Rhymes of a Red Cross Man"" by Robert W. Service is a collection of war poetry written during the early 20th century, amidst the backdrop of World War I. The poems reflect the harsh realities and profound emotions experienced by soldiers, capturing themes of courage, loss, camaraderie, and the futility of war. The author’s voice blends vivid imagery with poignant reflections, offering readers a lens into the experiences of military personnel and the human spirit under duress. The opening of the collection sets the tone for the poems to follow, as it introduces the author’s mission of finding solace in writing amidst the chaos of battle. Service shares his personal experiences alongside depictions of the war environment, revealing the grim conditions soldiers endured as they witnessed death and destruction. The first few poems highlight the call to arms, a reflection on the naive bravery of young soldiers, and the conflicting feelings about duty and sacrifice. Through these initial verses, readers engage with the emotional depth of the subject matter as they are drawn into the multifaceted lives of those impacted by the war, building a strong foundation for the themes explored throughout the entire work.",1958,194,4.6,1992,"https://www.gutenberg.org/cache/epub/315/pg315.cover.medium.jpg",8
"The Golden Road","","L. M. Montgomery","Canada, Children & Young Adult Reading, Novels","""The Golden Road"" by L. M. Montgomery is a novel published in 1913. Beverley recalls his childhood adventures with his brother, cousins, and friends as they played in their family orchard, created their own magazine, and navigated the joys of youth. As the children grow and mature, their close-knit group faces the bittersweet reality of change, with hints of romance, uncertain futures, and the inevitable end of childhood's golden days.",1913,563,4.2,1470,"https://www.gutenberg.org/cache/epub/316/pg316.cover.medium.jpg",6
"The Culprit Fay, and Other Poems","","Joseph Rodman Drake","American Literature, Poetry, American Poetry","""The Culprit Fay, and Other Poems by Joseph Rodman Drake"" is a collection of poems written in the early 19th century, during the Romantic era. The book features a variety of works, with a central focus on themes of nature, love, and the supernatural, embodying the essence of the literary movements of its time. Among its standout pieces is the narrative poem ""The Culprit Fay,"" which draws readers into a whimsical world of fairies and enchantment. In ""The Culprit Fay,"" the story revolves around a fairy who has broken the sacred laws of his realm by falling in love with a mortal woman. As a result, he is summoned to face judgment by the fairy court, where he learns of his punishment: he must embark on a quest to redeem himself by retrieving a magical drop from a sturgeon and igniting his flamewood lamp once again. The poem captures the struggle and adventure of the Fay, detailing his encounters with water sprites and his ultimate triumph. Other poems in the collection complement this narrative, exploring the beauty of nature, reflections on human emotion, and patriotic themes, all crafted with Drake's lyrical style and rich imagery.",1820,377,4.0,788,"https://www.gutenberg.org/cache/epub/317/pg317.cover.medium.jpg",9
"John Barleycorn","","Jack London","American Literature, Biographies, Drugs/Alcohol/Pharmacology","""John Barleycorn"" by Jack London is an autobiographical novel published in 1913. London chronicles his complex relationship with alcohol across different stages of his life, from his youth as a sailor to his success as a writer. The work explores themes of masculinity and male friendship while serving as both a meditation on alcohol's social role and a cautionary tale about addiction. London presents drinking's contradictory effects—claiming it aided his development as a man and writer, while acknowledging its destructive power and ultimate nihilism.",1913,352,4.7,2396,"https://www.gutenberg.org/cache/epub/318/pg318.cover.medium.jpg",2
"The Ways of Men","","Eliot Gregory","American Literature, Essays, Letters & Speeches, Humour","""The Ways of Men"" by Eliot Gregory is a collection of essays likely written in the early 20th century. The work explores the complexities of human behavior and society, touching on themes of patriotism, domestic life, and the quirks of modern civilization. The opening chapters introduce various characters and narratives, including the origins of the term ""Uncle Sam"" and a humorous critique of societal norms and contemporary life. At the start of this collection, Gregory discusses the roots of the figure of ""Uncle Sam,"" linking it to Samuel Wilson, a brickyard owner turned meatpacker's role as a patriotic figure during the War of 1812. This tale sets the tone for the author's exploration of American identity and the characteristics that define it. Following this, the narrative subtly transitions to satirical commentary on the domestic space, introducing the concept of ""domestic despots""—small, often ridiculous tyrants like pampered pets who disrupt the harmony of home life. Through various anecdotes and observations, the book delves into the absurdities of everyday life, social interactions, and the foibles of mankind, making it a reflective and entertaining read.",1915,187,4.8,1543,"https://www.gutenberg.org/cache/epub/319/pg319.cover.medium.jpg",2
"Vida De Lazarillo De Tormes Y De Sus Fortunas Y Adversidades","","Anonymous","6 Best Loved Spanish Literary Classics, Classics Of Literature, Novels","""Vida De Lazarillo De Tormes Y De Sus Fortunas Y Adversidades"" by Anonymous is a Spanish novel published in 1554. Written as a long letter, it tells the autobiographical story of Lázaro de Tormes, who recounts his life from miserable childhood through adulthood and marriage in sixteenth-century Spain. Serving various masters, Lázaro witnesses society's vices and hypocrisy, particularly among clergy and religious figures. This ironic portrait of Spanish society became a precursor to the picaresque novel genre.",1554,446,4.4,1568,"https://www.gutenberg.org/cache/epub/320/pg320.cover.medium.jpg",10
"Moran of the Lady Letty","","Frank Norris","Adventure, American Literature, Novels","""Moran of the Lady Letty"" by Frank Norris is a novel written during the late 19th century. The story begins with an intriguing mix of social events and adventure, detailing the life of Ross Wilbur, who finds himself unexpectedly drawn into a world of sailors, deception, and survival after he is shanghaied. The book explores themes of identity and transformation, particularly as Wilbur finds himself at the mercy of Captain Kitchell and the elusive Lady Letty, all while a complex relationship with the strong-willed Moran begins to form. The opening of the novel introduces the reader to the affluent society of San Francisco through the lens of Ross Wilbur, who attends a debutante tea in honor of Josie Herrick. However, his plans are interrupted when he finds himself lured into a dangerous encounter with a group of sailors. After being drugged and discovering himself on the deck of a schooner, the ""Bertha Millner,"" Wilbur learns that he has been shanghaied to sail on a fishing venture. The narrative intensifies as Wilbur navigates the rough seas and an even rougher crew, leading to encounters with the mysterious Moran, a girl with a fierce spirit and nautical proficiency. Themes of struggle and awakening take center stage as Wilbur grapples with his newfound reality, setting the stage for the unfolding adventure.",1902,143,4.8,1922,"https://www.gutenberg.org/cache/epub/321/pg321.cover.medium.jpg",8
"St. Ives","Being the Adventures of a French Prisoner in England","Robert Louis Stevenson","Adventure, British Literature, Historical Novels","""St. Ives: Being the Adventures of a French Prisoner in England"" by Robert Louis Stevenson is a novel written during the late 19th century. The story follows the experiences of the protagonist, Anne de Keroual de St. Yves, a French soldier who becomes a prisoner during the Napoleonic Wars. The narrative revolves around his life in an Edinburgh prison, where he navigates the complexities of captivity, interacts with fellow prisoners, and forms a budding romance with a young Englishwoman named Flora. The opening of ""St. Ives"" introduces the protagonist as he reflects on his situation after being captured and imprisoned. Through his observations of the other prisoners and life in the castle, he reveals a balance of humor and despair, highlighting the absurdity of his circumstances. His interactions with the English officers, his attempts to maintain a sense of dignity, and the camaraderie developed among the imprisoned soldiers shape his character. In particular, his infatuation with Flora, a young woman who visits the prison, becomes a central theme, illustrating the conflict between his noble birth and the humiliation of his current status. The beginning sets the stage for a tale of resilience, love, and the quest for identity amidst adversity.",1894,327,4.2,929,"https://www.gutenberg.org/cache/epub/322/pg322.cover.medium.jpg",8
"Verses 1889-1896","","Rudyard Kipling","British Literature, Poetry, Nobel Prizes In Literature","""Verses 1889-1896"" by Rudyard Kipling is a collection of poetry written during the late 19th century, comprising verses that reflect on the lives, experiences, and struggles of soldiers and civilians during the British Empire, particularly in India. The poems delve into themes of duty, bravery, and the harsh realities of military life, often highlighting the camaraderie and challenges faced by soldiers known colloquially as ""Tommy,"" along with their relationships with the local populations they encounter. The opening of this collection introduces several poems, showcasing Kipling's ability to fuse storytelling and verse. Notable pieces like ""Danny Deever,"" ""Tommy,"" and ""Gunga Din"" set the tone for the collection, presenting vivid narratives of soldiers grappling with emotions such as fear, honor, and nostalgia. Through a mix of dialect and formality, the first portion conveys a range of perspectives, from the gruff camaraderie of soldiers in barracks to reflections on sacrifice and loyalty amid the backdrop of imperial conflict. Overall, this beginning hints at Kipling's rich character portrayals and keen insights into the lives of those who served during that tumultuous period.",1889,158,4.5,2549,"https://www.gutenberg.org/cache/epub/323/pg323.cover.medium.jpg",10
"A Knight of the Cumberland","","John Fox, Jr.","Adventure, American Literature, Novels","""A Knight of the Cumberland"" by John Fox, Jr. is a novel written during the early 20th century that immerses readers in the rugged beauty and culture of the Cumberland Mountains. The narrative focuses on the adventures of the main characters as they venture into the wilds of these Appalachian hills, exploring themes of innocence, social dynamics, and the clash between different cultures. Central to the story is a captivating character known as ""the Blight,"" a young woman whose charm and grace captivate those around her, while her companions, including a narrator and a little sister, experience the intricacies of life in this isolated yet vibrant setting. At the start of the novel, we accompany the narrator, his sister, and the Blight as they traverse the rugged terrain of the Cumberland Mountains on a sunny October day. The journey is not just a physical one but also a passage into a world filled with colorful mountaineers, social tensions, and hints of feuds and moonshining. The narrator describes the Blight's enchanting presence, contrasting her sophistication with the ruggedness of the setting and the people they encounter. From moments of playful joy to encounters that reveal the darker side of hill life, the opening establishes a vivid backdrop where social class, charm, and danger intersect, setting the stage for the unfolding drama and adventures that lie ahead.",1919,124,4.8,2610,"https://www.gutenberg.org/cache/epub/324/pg324.cover.medium.jpg",7
"Phantastes","A Faerie Romance for Men and Women","George MacDonald","British Literature, Classics Of Literature, Novels","""Phantastes: A Faerie Romance for Men and Women"" by George MacDonald is a fantasy novel published in 1858. When young Anodos discovers a fairy in his inherited desk, his bedroom transforms into an enchanted forest. He enters a dreamlike Fairy Land where he pursues an elusive Marble Lady through forests, palaces, and subterranean worlds. Haunted by an evil shadow and facing giants, monsters, and temptations, Anodos must journey through adventures that will transform his understanding of ideals, sacrifice, and beauty.",1858,407,4.2,2647,"https://www.gutenberg.org/cache/epub/325/pg325.cover.medium.jpg",3
"Steep Trails","","John Muir","Essays, Letters & Speeches, Nature/Gardening/Animals, Travel Writing","""Steep Trails"" by John Muir is a collection of essays that captures the author's personal experiences and observations of the natural world, likely written in the late 19th century. This work highlights Muir's deep appreciation for the wilderness, showcasing his adventures across various western landscapes such as California, Utah, Nevada, and the Grand Canyon, while reflecting on the beauty and challenges of nature. The opening of ""Steep Trails"" introduces Muir's thoughts on the significance of nature and wildness, contrasting it with human culture and cultivation. He recounts his examination of wild sheep and their superior wool, using this observation as a metaphor for the broader idea that nature’s creations exist for their own purposes rather than for human use. Muir critiques humanity's tendency to impose cultivation onto nature, arguing that true beauty and utility lie in wildness. Through rich descriptions and philosophical musings, Muir paints a vivid picture of his interactions with the natural landscape, establishing a foundation for the themes of exploration and reverence for the wilderness that permeate the rest of the collection.",1914,140,4.1,1467,"https://www.gutenberg.org/cache/epub/326/pg326.cover.medium.jpg",8
"The Princess Aline","","Richard Harding Davis","Bestsellers, American, 1895-1923, British Literature, Novels","""The Princess Aline"" by Richard Harding Davis is a novelette published in 1895. A young, wealthy American artist becomes captivated by a photograph of a European princess and embarks on a transatlantic voyage to meet her. Accompanied by companions encountered during his journey, he pursues this romantic obsession across Europe. The story blends travel narrative with whimsical romance, exploring the boundaries between social classes and the possibilities—or impossibilities—of love between a commoner and royalty. Davis's tale became the fifth-best selling novel in America that year.",1895,480,4.3,2534,"https://www.gutenberg.org/cache/epub/327/pg327.cover.medium.jpg",9
"A Heap o' Livin'","","Edgar A. Guest","American Literature, Poetry","""A Heap o' Livin'"" by Edgar A. Guest is a collection of poems written during the early 20th century. This work paints a heartfelt portrayal of everyday life and the trials and joys of ordinary people, emphasizing themes of home, friendship, and the simple pleasures of existence. The collection resonates with a sense of nostalgia and warmth, capturing the essence of familial relationships and the beauty of life's fleeting moments. The opening of ""A Heap o' Livin'"" introduces readers to a series of touching poems that explore various aspects of life and human connection. The first piece reflects on the importance of understanding others, encouraging empathy and shedding prejudice as one learns the intricacies of another's life. The subsequent poems delve into childhood innocence, the joys of familial love, and the comforts found in home and relationships. Guest's accessible language and rhythmic style convey a deep appreciation for life’s simple joys and the significance of compassion, laying a foundation for the emotional journey that unfolds throughout the collection.",1959,385,4.6,1155,"https://www.gutenberg.org/cache/epub/328/pg328.cover.medium.jpg",4
"Island Nights' Entertainments","","Robert Louis Stevenson","British Literature, Short Stories, Islands Of The Pacific","""Island Nights' Entertainments"" by Robert Louis Stevenson is a collection of stories written in the late 19th century. The opening tale, ""The Beach of Falesá,"" introduces the character John Wiltshire, who arrives on the island of Falesá after spending years living among the natives of a nearby low island. The story immediately immerses readers in the vibrant yet challenging life of a trader in the South Pacific, where Wiltshire seeks to establish himself amidst the complexities of trade, local customs, and interpersonal relationships. The opening of ""The Beach of Falesá"" sets the stage with Wiltshire's arrival, showcasing his first impressions of the island and its inhabitants. He feels a mix of excitement and unease as he interacts with the local traders and contemplates his new life. The story conveys a sense of foreboding as he learns about the complexities of island life and the shadowy figures like Case, who manipulate the landscape for their gain. Wiltshire's initial enthusiasm leads him to consider settling down with a local woman named Uma, reflecting both the allure and the potential pitfalls of his romantic interest in her. The narrative introduces themes of isolation, cultural clashes, and the search for belonging, while hinting at conflicts that may arise as Wiltshire navigates his new world.",1894,319,4.5,3252,"https://www.gutenberg.org/cache/epub/329/pg329.cover.medium.jpg",8
"Where There's a Will","","Mary Roberts Rinehart","American Literature, Humour, Novels","""Where There's a Will"" by Mary Roberts Rinehart is a novel written in the early 20th century. The book revolves around the lives and relationships of the staff and guests at Hope Springs Sanatorium, particularly focusing on the spirited spring-house girl named Minnie Waters as she navigates intrigue, duty, and the unexpected arrival of a new owner. The opening of the story introduces us to Minnie as she reflects on her life at Hope Springs, where she has dedicated fourteen years to serving guests and tending to their needs. Following the death of the old doctor who managed the sanatorium, Minnie grapples with her responsibilities and the future of the place she considers home. Key players like Miss Patty Jennings, a frequent guest entangled in royal romance, and Mr. Richard Carter, the doctor's grandson who is expected to take charge of the establishment, begin to emerge. As excitement builds around new developments—including Miss Patty's engagement and intriguing secrets in the air—the stage is set for a mix of drama and humor, showcasing Minnie's bold personality and her connections to the unfolding storylines.",1958,473,4.6,3049,"https://www.gutenberg.org/cache/epub/330/pg330.cover.medium.jpg",6
"The Mucker","","Edgar Rice Burroughs","Adventure, American Literature, Crime, Thrillers And Mystery","""The Mucker"" by Edgar Rice Burroughs is a novel published in 1914-1916. Billy Byrne is a Chicago thug who lives by violence and theft until he's shanghaed aboard a ship bound for crime. When the crew kidnaps a millionaire's daughter, Billy's brutal nature begins to transform. Stranded together in a hostile jungle filled with headhunters, the hoodlum and the heiress form an unlikely bond that challenges everything Billy believed about himself and the world he came from.",1914,460,4.3,3248,"https://www.gutenberg.org/cache/epub/331/pg331.cover.medium.jpg",3
"The Burial of the Guns","","Thomas Nelson Page","American Literature, Historical Novels, Novels","""The Burial of the Guns"" by Thomas Nelson Page is a historical fiction novel likely written in the late 19th century. It delves into the aftermath of the Civil War, focusing on the emotional and social ramifications of surrender and the transition back to civilian life, particularly through the experiences of Southern soldiers and their commanders. The opening introduces readers to complex characters, such as the old Colonel and his battery of soldiers, who grapple with pride, duty, and the loss of their former identities as they face the end of the war. At the start of the narrative, the story revolves around the old Colonel and his battery stationed at a crucial mountain pass after the war's conclusion. As soldiers adjust to the fact that General Lee has surrendered at Appomattox, the Colonel's leadership is put to the test. He faces the painful decision of preventing their guns from being captured, reflecting on the bonds formed between the men throughout the war. The opening conveys this sense of duty and camaraderie as the Colonel prepares to bury the guns to preserve their legacy, while the soldiers express their sorrow at their collective fate and their commitment to uphold the values they fought for within the new landscape of their post-war life.",1922,273,4.2,1116,"https://www.gutenberg.org/cache/epub/332/pg332.cover.medium.jpg",3
"Robert Louis Stevenson","","Sir Walter Alexander Raleigh","Biographies, Essays, Letters & Speeches, Authors, Scottish","""Robert Louis Stevenson"" by Sir Walter Alexander Raleigh is a biographical essay written in the early 20th century. This examination highlights the life and works of Robert Louis Stevenson, a prominent author renowned for his imaginative storytelling and literary mastery. The book serves as both a tribute and analysis of Stevenson’s contributions to literature, emphasizing his unique talent and enduring legacy. In this insightful piece, Raleigh delves into Stevenson's life, discussing his health struggles while celebrating his literary genius and prolific output. He reflects on Stevenson's ability to blend romance with meticulous style, showcasing his works like ""Treasure Island"" and ""Dr. Jekyll and Mr. Hyde"" as central to his acclaim. Raleigh emphasizes Stevenson's zest for life, creativity, and ability to evoke emotions through rich language, while also considering the impact of his early death on the literary world. The essay reveals both the man behind the pen and the rich tapestry of thoughts and themes woven into his body of work, reinforcing Stevenson’s place in literary history.",1922,484,4.7,985,"https://www.gutenberg.org/cache/epub/333/pg333.cover.medium.jpg",5
"Episodes in Van Bibber's Life","","Richard Harding Davis","American Literature, Humour, Short Stories","""Episodes in Van Bibber's Life"" by Richard Harding Davis is a collection of short stories written in the early 20th century. The book revolves around the character of Young Van Bibber, a charming and somewhat whimsical figure who finds himself in various humorous and poignant situations that reveal insights into human nature and society. The stories blend comedy with deeper reflections, often exploring themes of friendship, compassion, and social critique. The narrative takes readers through a series of episodes in Van Bibber’s life, showcasing his interactions with a colorful cast of characters. In one story, he navigates the chaotic atmosphere behind the scenes of a comic opera, forging a bond with a young girl performer, revealing both the innocence of childhood and the darker undercurrents of the theatrical world. In another episode, he humorously attempts to prove his bravery and cleverness by searching for a missing dog, only to find himself in a series of amusing predicaments. Through these engaging tales, Davis paints a vivid picture of life in his time, with Van Bibber serving as a relatable and often endearing protagonist who navigates both trivial pursuits and weighty moral dilemmas.",1916,162,4.7,1440,"https://www.gutenberg.org/cache/epub/334/pg334.cover.medium.jpg",7
"Frances Waldeaux","A Novel","Rebecca Harding Davis","American Literature, Novels, Voyages And Travels","""Frances Waldeaux: A Novel"" by Rebecca Harding Davis is a fictional narrative likely written in the late 19th century. The story centers around Frances Waldeaux, a widowed mother embarking on a journey to Europe with her son, George, eager to explore new horizons. The opening chapters introduce the emotional complexity of their relationship, set against the backdrop of their departure aboard a ship where various characters converge, revealing themes of family dynamics and societal expectations. The opening of the novel presents a vivid scene at the Hoboken pier as Frances and George prepare to depart for Europe. Amidst the farewell festivities, the story captures a sense of anticipation and nostalgia. Through the interactions between Frances, who carries an air of youthful exuberance despite her age, and her son, who is burdened by his academic pursuits and impending responsibilities, readers glimpse the depth of their bond. As the ship sets sail, underlying tensions surface relating to George’s education and his choices, including his burgeoning interest in a mysterious female passenger, which foreshadows complications that may arise from his new life. Ultimately, the narrative sets the stage for exploration not only of Europe but of Frances’s quest for her own identity independent of her son.",1910,251,4.2,3214,"https://www.gutenberg.org/cache/epub/335/pg335.cover.medium.jpg",9
"Indian Heroes and Great Chieftains","","Charles A. Eastman","Biographies, History - American, Native America","""Indian Heroes and Great Chieftains"" by Charles A. Eastman is a historical account written in the late 19th century. The book focuses on the lives and stories of influential Sioux leaders and warriors, such as Red Cloud, Crazy Horse, and Sitting Bull, highlighting their character, struggles, and significance within Native American history. Eastman, himself a member of the Sioux, aims to shed light on these figures who were often misunderstood or misrepresented in American history, providing them the justice and recognition they deserve. The opening of the book introduces key historical figures starting with Red Cloud, depicting his early life, upbringing, and transformation into a revered leader amidst turbulent times for the Sioux. Read Cloud’s character is marked by resilience, bravery, and a commitment to his people's way of life, revealing anecdotes that illustrate his dedication to leadership and his people. The narrative sets a stage that reflects the broader context of the Sioux's struggle against encroachment by settlers and the U.S. government, emphasizing themes of honor, cultural pride, and the vital importance of tribal unity in the face of adversity.",1939,520,4.6,732,"https://www.gutenberg.org/cache/epub/336/pg336.cover.medium.jpg",5
"Indian Boyhood","","Charles A. Eastman","Archaeology & Anthropology, Biographies, Parenthood & Family Relations","""Indian Boyhood"" by Charles A. Eastman is a memoir exploring the author’s childhood experiences as a Dakota Sioux boy, likely written in the early 20th century. The book delves into Eastman's early life, cultural traditions, and the upbringing he received from his family, particularly from his grandmother, in a society that is in a constant struggle with the encroachment of Western civilization. The opening of the memoir provides a vivid and personal account of Eastman's infancy and early childhood, establishing the backdrop of his upbringing in a Sioux community. He introduces himself through the name ""Hakadah,"" meaning ""the pitiful last,"" given to him after the death of his mother. The narrative features the love and care he received from his grandmother, who played a substantial role in his education and cultural transmission. It also describes elements of Sioux life, including hunting, games, and the strong connections to nature that were integral parts of his formative experiences. As Eastman recounts these formative events and lessons from his early years, he highlights the values instilled in him, such as bravery, observation skills, and respect for nature and family traditions, effectively setting the stage for a deeper exploration of his identity and heritage throughout the memoir.",1939,405,4.6,1564,"https://www.gutenberg.org/cache/epub/337/pg337.cover.medium.jpg",4
"Old Indian Legends","","Zitkala-Sa","Mythology, Legends & Folklore, Short Stories, Native America","""Old Indian Legends"" by Zitkala-Sa is a collection of Sioux stories published in 1901. Concerned about assimilation's impact on tribal children, the Yankton Dakota writer sought to preserve her people's traditional tales. The collection features fourteen legends, including five stories about Iktomi, an unlucky trickster spider fairy whose schemes repeatedly backfire. Through encounters with ducks, muskrats, coyotes, and other creatures, Iktomi's cunning plans consistently unravel, offering timeless lessons about greed, impatience, and the consequences of breaking promises.",1901,120,4.2,3467,"https://www.gutenberg.org/cache/epub/338/pg338.cover.medium.jpg",6
"Old Indian Days","","Charles A. Eastman","Adventure, Short Stories, Native America","""Old Indian Days"" by Charles A. Eastman is a collection of short stories reflecting the life and experiences of Native Americans, particularly the Sioux, written during the late 19th century. The stories convey themes of courage, tradition, and the complexities of love within the cultural context of the Sioux people, presenting tales of both warriors and women, highlighting their struggles and triumphs. The opening portion of the book introduces the main character, Antelope, a young Sioux warrior who seeks honor and distinction amongst his people. As he prepares for a scouting mission, his ambitions are juxtaposed with his feelings for Taluta, a beautiful maiden of his tribe. The narrative follows Antelope as he faces challenges in the wilderness, engages in battles, and experiences personal growth fueled by his love for Taluta. The stories blend adventure and emotion, setting the stage for a deeper exploration of Antelope's character and the cultural values of the Sioux people.",1939,226,4.6,3120,"https://www.gutenberg.org/cache/epub/339/pg339.cover.medium.jpg",7
"The Soul of the Indian","An Interpretation","Charles A. Eastman","Essays, Letters & Speeches, History - American, Religion/Spirituality","""The Soul of the Indian: An Interpretation"" by Charles A. Eastman is a profound exploration of the spiritual and cultural life of the American Indian, crafted during the early 20th century. This non-fiction work serves as an essay reflecting on the indigenous beliefs, traditions, and values that characterized American Indian spirituality before significant European influence. Eastman, a member of the Sioux tribe, utilizes his personal experiences and insights to provide an authentic representation of the inner life of the Indian people, highlighting their moral codes, religious practices, and connection to nature. In this book, Eastman delves into various aspects of Native American spirituality, emphasizing the concept of the ""Great Mystery"" that surrounds existence. He discusses practices such as solitary worship and the significance of nature, rejecting the notion of organized religion imposed by European settlers. The text also addresses moral codes, the family unit, and community dynamics, illustrating how these elements shape the Indian worldview. Throughout, Eastman reflects on the clash between indigenous beliefs and Western ideologies, advocating for a greater understanding and respect for Native American traditions as vital components of the human experience.",1939,376,4.7,1629,"https://www.gutenberg.org/cache/epub/340/pg340.cover.medium.jpg",8
"Myths and Legends of the Sioux","","Marie L. McLaughlin","Mythology, Legends & Folklore, Folklore, Native America","""Myths and Legends of the Sioux"" by Marie L. McLaughlin is a collection of traditional tales centering on the Sioux culture, likely written in the early 20th century. The book contains a variety of stories that convey the values, beliefs, and experiences of the Sioux people, featuring themes of nature, morality, and the consequences of one's actions, which are key components of their folklore. At the start of this collection, McLaughlin expresses her deep connection to the stories, which were passed down to her from the Sioux elders. The opening portion introduces a series of brief tales, such as ""The Forgotten Ear of Corn,"" which illustrates the importance of carefulness and mindfulness in harvesting. Other stories depict the consequences of carelessness, the virtue of hard work as shown in ""The Little Mice,"" and the enduring bond of love and loss in ""The Faithful Lovers."" These narratives, infused with moral lessons, serve to entertain while also imparting wisdom about the Sioux worldview, making the opening a compelling invitation into a rich cultural tapestry.",1995,216,4.4,682,"https://www.gutenberg.org/cache/epub/341/pg341.cover.medium.jpg",9
"Margaret Ogilvy","","J. M. Barrie","Bestsellers, American, 1895-1923, Biographies, Barrie, Margaret Ogilvy","""Margaret Ogilvy"" by J. M. Barrie is a biographical memoir written in the late 19th century. This work, penned by the author renowned for creating Peter Pan, delves into the nuanced and tender portrait of Margaret Ogilvy, Barrie's beloved mother. The narrative captures not only the warmth and resilience of Margaret's character but also the profound impact she had on her son and the family dynamics within their household. At the start of the memoir, Barrie paints vivid scenes from his childhood, reflecting on his mother’s strength and softness, especially during the early days of his life. He recalls the significance of minor events, such as their purchase of hair-bottomed chairs, which symbolize her ambitions and aspirations for the family. The opening chapters introduce Margaret's nurturing yet tenacious spirit as she navigates the challenges of motherhood, particularly after the loss of a child. Barrie masterfully intertwines humor and poignancy, illustrating the deep bond he shared with his mother and the lasting legacy of her influence on his life and career as a writer.",1937,247,4.2,1454,"https://www.gutenberg.org/cache/epub/342/pg342.cover.medium.jpg",8
"Fables","","Robert Louis Stevenson","British Literature, Short Stories, Fables, Scottish","""Fables"" by Robert Louis Stevenson is a collection of allegorical tales written in the late 19th century. The book explores moral lessons and human experiences through a series of whimsical narratives, each featuring unique characters and situations that reflect on virtues and vices. Its likely topic centers around the complexities of morality and the human condition, utilizing imaginative scenarios to communicate profound truths. In this collection, each fable presents a distinct story, often framed within dialogues or interactions between anthropomorphic characters. For instance, tales like ""The Sick Man and the Fireman"" and ""The Devil and the Innkeeper"" explore themes of selfishness, duty, and the nature of evil. The characters engage in witty banter and paradoxical situations that highlight their traits, ultimately leading to humorous and thoughtful conclusions. Stevenson’s use of irony and satire invites readers to reflect on social conventions and personal choices, making the fables both entertaining and enlightening. Each story culminates in a moral, adeptly reflecting the intricacies of human behavior and ethics, making it a timeless work of literature.",1894,196,4.2,1663,"https://www.gutenberg.org/cache/epub/343/pg343.cover.medium.jpg",7
"The Merry Men, and Other Tales and Fables","","Robert Louis Stevenson","British Literature, Short Stories, Boys","""The Merry Men, and Other Tales and Fables"" by Robert Louis Stevenson is a collection of short stories written in the late 19th century. The opening story, ""The Merry Men,"" introduces readers to a richly atmospheric setting in the Scottish Hebrides, where themes of isolation, superstition, and the sea's treachery play a significant role. The protagonist, Charles Darnaway, discovers a family legacy tied to shipwrecks and hidden treasures, which intertwines with his feelings for his cousin Mary Ellen and their shared family history. The opening of ""The Merry Men"" sets the scene with Charles traveling to Aros, a remote island owned by his uncle, Gordon Darnaway. He reflects on family history, local legends, and the mysterious allure of the sea, particularly the treacherous Merry Men, a group of dangerous waves notorious for shipwrecks. As he arrives, he observes changes brought about by a recent shipwreck and the uneasy atmosphere surrounding his uncle and Mary Ellen. A sense of foreboding looms as he learns of surfacing dreams of treasure tied to an Armada ship that was lost long ago, prompting moral reflections on the implications of greed, loss, and the supernatural that seem to haunt Aros and its inhabitants.",1894,442,4.4,2122,"https://www.gutenberg.org/cache/epub/344/pg344.cover.medium.jpg",2
"Dracula","","Bram Stoker","British Literature, Classics Of Literature, Crime, Thrillers And Mystery","""Dracula"" by Bram Stoker is a Gothic horror novel published in 1897. Told through letters, diary entries, and newspaper articles, the story follows solicitor Jonathan Harker's terrifying encounter with Count Dracula in Transylvania. When the vampire Count travels to England and begins preying on victims in Whitby, a small group led by Professor Abraham Van Helsing must hunt him down. This seminal work of Gothic fiction has become the centrepiece of vampire literature, profoundly shaping the popular conception of vampires for generations.",1897,509,4.4,25000,"https://www.gutenberg.org/cache/epub/345/pg345.cover.medium.jpg",8
"The Troll Garden, and Selected Stories","","Willa Cather","American Literature, Short Stories, Man-Woman Relationships","""The Troll Garden"" by Willa Cather is a collection of short stories written in the late 19th century. The book explores themes of art, life in rural America, and the struggles of individuals within the social fabric of their communities, often focusing on Norwegian immigrants. The opening of the collection introduces a character named Canute, who resides in a modest shanty near Rattlesnake Creek on the Nebraska plains. The narrative delves into Canute's solitary life, highlighting his profound loneliness, struggles with alcoholism, and the harsh realities of life on the Divide. As the story unfolds, it hints at Canute's complex relationships with his neighbors and introduces a budding romantic interest in Lena Yensen, setting the stage for a significant turning point in his life. The portrayal of Canute's internal conflicts, alongside his interactions with the surrounding environment, evokes a deep sense of melancholy and reflects the broader human experience found within Cather’s work.",1947,551,4.3,1398,"https://www.gutenberg.org/cache/epub/346/pg346.cover.medium.jpg",3
"The Saga of Grettir the Strong","Grettir's Saga","Various","Historical Novels, Mythology, Legends & Folklore, Grettir Ásmundarson, 996-1031","""The Saga of Grettir the Strong: Grettir's Saga"" by Unknown is an Icelandic saga composed in the fourteenth century. It chronicles the tumultuous life of Grettir Ásmundarson, a fierce and ill-tempered outlaw in eleventh-century Iceland. After encountering a cursed undead shepherd, Grettir's fate darkens—he becomes perpetually unlucky, fearful of darkness, and condemned to nineteen years of isolation as a hunted man. This tale explores how a would-be hero's violent nature leads not to glory, but to betrayal and lonely exile.",1995,331,4.5,1523,"https://www.gutenberg.org/cache/epub/347/pg347.cover.medium.jpg",10
"Hesiod, the Homeric Hymns, and Homerica","","Hesiod","Classics Of Literature, Mythology, Legends & Folklore, Poetry","""Hesiod, the Homeric Hymns, and Homerica"" by Hesiod is a collection of ancient Greek poetry that includes works attributed to both Hesiod and Homer, likely compiled during the 8th to 7th century BC. This anthology features major pieces such as ""Works and Days"" and ""The Theogony,"" focusing on themes of morality, the origins of the gods, and practical wisdom for daily living, reflecting a time when poetry was a fundamental way of preserving cultural knowledge and ethics. The opening section of the work presents an overview of several key poems, specifically highlighting ""Works and Days."" It begins with an invocation to the Muses, followed by an exploration of the dualities of Strife—one that encourages productive competition and another that fosters chaos and conflict. The narrative sets the stage for moral teachings, including justice, the importance of hard work, and the consequences of wrongful actions. The figure of Perses, Hesiod's brother, emerges as a focal point for these teachings, representing the everyman in a struggle against idleness and the transgressions of human nature. The combination of cosmological themes with practical advice provides a rich context for understanding ancient Greek thought.",1995,566,4.2,22675,"https://www.gutenberg.org/cache/epub/348/pg348.cover.medium.jpg",8
"The Harvester","","Gene Stratton-Porter","Bestsellers, American, 1895-1923, American Literature, Novels","""The Harvester"" by Gene Stratton-Porter is a novel written during the early 20th century. The story centers on David Langston, a man devoted to harvesting medicinal plants in the tranquility of the woods, and explores his internal conflicts regarding love, work, and the life he craves. As he grapples with the decision of whether to continue his solitary existence or pursue companionship, it delves into themes of nature, dreams, and the desire for connection. The opening of the novel introduces David Langston, affectionately known as the Harvester, as he reflects on the impending arrival of spring and the importance of a decision he must make—whether to venture into the city for a life of material pursuits or remain in the woods, dedicating himself to harvesting herbs and nurturing his bond with his faithful dog, Belshazzar. This moment is marked by his humorous and heartfelt discussions with Belshazzar about love, loneliness, and a dream of a ""woman"" who embodies his ideal traits. As the narrative unfolds, David's desire for growth and change becomes evident through his reflections on love and the meticulous preparations he begins to undertake in anticipation of finding this dream girl, highlighting his longing for a deeper connection amidst the beauty of his natural surroundings.",1924,567,4.1,1566,"https://www.gutenberg.org/cache/epub/349/pg349.cover.medium.jpg",8
"Fanny Herself","","Edna Ferber","American Literature, Novels, Autobiographical Fiction","""Fanny Herself"" by Edna Ferber is a novel written in the early 20th century. The story centers around Fanny Brandeis, a young Jewish girl, and her mother, Molly Brandeis, as they navigate life in a small Wisconsin town named Winnebago. The narrative delves into themes of personal growth, gender roles, and the challenges faced by women trying to establish themselves in a male-dominated society. The opening of the book introduces us to the strong character of Molly Brandeis, the owner of Brandeis’ Bazaar, who is depicted as an intelligent and determined woman managing her business as a single mother after the death of her husband. The town's dynamics and its characters come alive through vivid descriptions, emphasizing the societal expectations and the pivotal role of mothers in shaping their children's futures. The story hints at the adventurous spirit of Fanny, who is both imaginative and full of energy, while also foreshadowing the challenges she will face as she grows up in a world shaped by tradition and the changing tides of social norms. The mother-daughter relationship, marked by strength and resilience, sets the tone for Fanny's journey into adulthood.",1968,282,4.3,1559,"https://www.gutenberg.org/cache/epub/350/pg350.cover.medium.jpg",5
"Of Human Bondage","","W. Somerset Maugham","British Literature, Novels, Artists","""Of Human Bondage"" by W. Somerset Maugham is a novel published in 1915. This autobiographical masterpiece follows Philip Carey, an orphaned boy with a club foot, through his journey from childhood to adulthood. Philip searches for meaning and happiness as he navigates boarding school, travels abroad, pursues art in Paris, and studies medicine in London. His obsessive infatuation with Mildred, a callous waitress, becomes a destructive force that threatens to derail his future, testing his resilience and forcing him to confront what truly matters in life.",1915,523,4.5,2068,"https://www.gutenberg.org/cache/epub/351/pg351.cover.medium.jpg",9
"Buttered Side Down","Stories","Edna Ferber","American Literature, Short Stories, United States","""Buttered Side Down"" by Edna Ferber is a collection of short stories written in the early 20th century. The stories revolve around a variety of characters predominantly navigating life's complexities, often set against the backdrop of urban life, particularly in cities like Chicago. The collection captures the struggles and aspirations of everyday individuals, highlighting themes of loneliness, love, and the pursuit of happiness. The opening of the book introduces the character Gertrude, known as Gertie, who lives in a rundown boarding house in Chicago. As she prepares for bed after a long and weary day of work in a department store, Gertie grapples with feelings of loneliness and the challenges of city life. The scene provides insight into her thoughts as she interacts with the ""Kid Next Door,"" revealing the budding friendship between them. Their midnight encounter hints at a deeper connection and the shared struggles of young adults trying to find their place in the world, setting the stage for a poignant exploration of relationships and personal growth throughout the collection.",1968,407,4.7,3324,"https://www.gutenberg.org/cache/epub/352/pg352.cover.medium.jpg",3
"In Flanders Fields, and Other Poems","","John McCrae","Bestsellers, American, 1895-1923, Poetry, World War I","""In Flanders Fields and Other Poems"" by John McCrae is a collection of poignant poetry written during the early 20th century, against the backdrop of World War I. The poetry reflects on themes of death, sacrifice, and the indomitable human spirit, and is most famously anchored by the titular poem ""In Flanders Fields,"" which calls upon the living to remember and honor the fallen soldiers. McCrae, who served as a physician and soldier, encapsulates a deep sense of mourning and responsibility in his works, likely derived from his direct experiences in the trenches. The opening of the collection introduces the reader to McCrae's renowned poem, which vividly depicts the graveyards of war adorned with poppies and the haunting voices of the dead urging the living to continue their fight. The stark contrast between the beauty of nature and the brutality of battle is palpable, as the larks sing in the sky amid the cacophony of gunfire. Following the poem, the edition includes an essay by Sir Andrew Macphail that provides insight into McCrae's life and the context in which the poems were written. The beginning lays a powerful foundation for McCrae's exploration of grief, valor, and the legacy of those who served, beckoning readers to contemplate the costs of war.",1918,514,4.5,1348,"https://www.gutenberg.org/cache/epub/353/pg353.cover.medium.jpg",3
"The Story of a Pioneer","","Anna Howard Shaw, Elizabeth Garver Jordan","Biographies, History - American, Shaw, Anna Howard, 1847-1919","""The Story of a Pioneer"" by Anna Howard Shaw and Elizabeth Garver Jordan is a historical account written during the late 19th century. This memoir chronicles the life of Anna Howard Shaw, focusing on her early experiences and the challenges faced by her family as pioneers in America. Shaw’s reflections provide a personal look at her struggles against societal norms, her education, and her journey towards becoming a prominent figure in the women’s suffrage movement. The opening of the book introduces readers to Shaw's ancestry and early memories, detailing the hardships endured by her family as they migrated from Scotland and faced the trials of pioneer life in Michigan. Shaw recounts the resilience and determination of her mother and siblings as they navigated through wilderness challenges, including scarcity of resources and the uncertainty of their new home. The narrative sets a foundation for Shaw’s character development, illustrating her early aspirations, work ethic, and the pivotal moments that would lead her towards her future endeavors in preaching and activism.",1919,200,4.2,640,"https://www.gutenberg.org/cache/epub/354/pg354.cover.medium.jpg",6
"The Parasite","A Story","Arthur Conan Doyle","British Literature, Crime, Thrillers And Mystery, Novels","""The Parasite: A Story"" by Arthur Conan Doyle is a novelette published in 1894. Austin Gilroy, a skeptical young physiologist, encounters Miss Penclosa, a middle-aged woman with psychic powers and a crippled leg. After witnessing her mesmerism abilities, Gilroy allows himself to become the subject of her experiments. But when Miss Penclosa develops feelings for him and he rejects her advances, she begins using her mind control powers for increasingly sinister purposes, leading to a chilling confrontation.",1894,368,4.0,1610,"https://www.gutenberg.org/cache/epub/355/pg355.cover.medium.jpg",5
"Beyond the City","","Arthur Conan Doyle","British Literature, Novels, Suburbs","""Beyond the City"" by Arthur Conan Doyle is a novel likely written in the late 19th century. The story is set in a suburban district and follows two elderly ladies observing their new neighbors, particularly focusing on the unconventional character of Mrs. Westmacott, who is moving into number three. The book captures the themes of social change, particularly concerning women's roles in society, and introduces an engaging cast of characters who will interact and evolve throughout the narrative. The opening of ""Beyond the City"" presents the curious and comical dynamic between the two old maids, Miss Bertha and Miss Monica Williams, who peer from their window at the new arrivals. As the young tenants of the house begin settling in, including the strong-willed Mrs. Westmacott and her nephew Charles, the ladies are both bewildered and entertained by their unconventional behavior and the unusual items being carried into the house. This whimsical yet insightful introduction sets the stage for exploring the relationships and societal shifts that occur as the characters engage with one another and confront their own values and expectations in a changing world.",1930,239,4.7,2538,"https://www.gutenberg.org/cache/epub/356/pg356.cover.medium.jpg",10
"A Dream of John Ball; and, A King's Lesson","","William Morris","British Literature, Historical Novels, Novels","""A Dream of John Ball; and, A King's Lesson"" by William Morris is a novel published in 1888. It tells the story of a time-traveller who meets the medieval rebel priest John Ball during the Great Revolt of 1381. Through their encounter, Morris contrasts the ethics of medieval and modern worlds, exploring why Ball's dreams of an egalitarian society remain unfulfilled centuries later. Unlike other depictions of the era, Morris portrays the Middle Ages as a golden period of prosperity and happiness.",1888,311,4.7,2126,"https://www.gutenberg.org/cache/epub/357/pg357.cover.medium.jpg",4
"The Scarlet Car","","Richard Harding Davis","Adventure, American Literature, Novels","""The Scarlet Car"" by Richard Harding Davis is a novel written during the late 19th century. The story revolves around a group of young adults, primarily focusing on Winthrop and Beatrice Forbes, as they embark on a tumultuous journey to a football game, intertwined with personal dynamics and societal norms of the time. As the characters navigate various obstacles, including mechanical failures and interpersonal conflicts, the backdrop of scholarly rivalries amplifies the significance of their relationships. At the start of the novel, the main characters are introduced as they prepare for the football game between Harvard and Yale. Winthrop, enamored with Beatrice, faces jealousy and frustration due to her engagement to Ernest Peabody. Complications arise when Peabody's insistence on Beatrice not joining the group for their excursion leads to a tense atmosphere. As they make their way along the route in the titular Scarlet Car, a series of mishaps, including breakdowns and the intrusion of unforeseen circumstances, create humor, tension, and an opportunity for character development. The stage is set for a blend of adventure and exploration of themes of love, friendship, and societal expectations in a rapidly modernizing world.",1916,467,4.5,781,"https://www.gutenberg.org/cache/epub/358/pg358.cover.medium.jpg",5
"Good Stories for Great Holidays","Arranged for Story-Telling and Reading Aloud and for the Children's Own Reading","Frances Jenkins Olcott","Children & Young Adult Reading, Mythology, Legends & Folklore, Short Stories","""Good Stories for Great Holidays"" by Frances Jenkins Olcott is a collection of stories designed for storytelling and reading aloud, likely compiled during the early 20th century. This anthology features a variety of myths, legends, and historical tales associated with different holiday celebrations throughout the year, encouraging joy and discussion around these special occasions. The opening of the collection introduces the purpose behind the stories, emphasizing their suitability for arousing a festive spirit and teaching various moral lessons through engaging narratives. It discusses how the stories are adapted for storytelling, ensuring they are accessible for children's understanding. The introduction also highlights specific selections that will follow, which cover major holidays such as New Year's Day, Valentine's Day, and Christmas, offering a blend of themes from kindness and generosity to the excitement of festive traditions.",1963,404,4.5,1319,"https://www.gutenberg.org/cache/epub/359/pg359.cover.medium.jpg",9
"What is Property? An Inquiry into the Principle of Right and of Government","","P.-J. Proudhon","Anarchism, Philosophy & Ethics, Politics","""What is Property? An Inquiry into the Principle of Right and of Government"" by P. J. Proudhon is a philosophical and political treatise written in the early 19th century. This seminal work challenges conventional notions of property, proposing radical ideas regarding equality and justice in society. Proudhon famously states, ""Property is theft,"" suggesting that the institution of private property is fundamentally unjust and a source of societal inequality. At the start of the work, Proudhon introduces the central theme of his investigation: the nature of property and its implications for justice and governance. He first proposes that commonly accepted definitions of property, whether based on labor or law, fail to hold when subjected to rigorous analysis. By asserting that property is an effect without a cause, he calls into question the foundations of societal consent and legal structures surrounding ownership. Proudhon's method seeks to dissect these concepts, aiming to demonstrate that true justice and equality must replace existing legal and economic frameworks. The opening chapters promise a critical examination of entrenched societal beliefs, inviting readers to reconsider their views on property and the principles governing human interaction.",1865,330,4.5,1726,"https://www.gutenberg.org/cache/epub/360/pg360.cover.medium.jpg",5
"Miss Billy","Married","Eleanor H. Porter","American Literature, Novels, Romance","""Miss Billy — Married"" by Eleanor H. Porter is a novel written during the early 20th century. The story revolves around the newly married couple, Billy Neilson and Bertram Henshaw, as they navigate their relationship, family expectations, and the challenges of married life. The narrative sets a light-hearted tone infused with deep emotion as it explores themes of love, domesticity, and personal growth. The opening of the book introduces the wedding of Billy and Bertram through the clergyman’s familiar words, highlighting the couple's joy and naivety as they exchange vows. This moment leads to reflections from family members about their concerns for the couple's future, notably Billy's perceived irresponsibility and lack of practical skills. As the narrative unfolds, we witness the initial adjustments of their married life, alongside the gossip and opinions of those around them, hinting at the comedic and heartfelt adventures that await them as they blend their lives together.",1920,242,4.5,2102,"https://www.gutenberg.org/cache/epub/361/pg361.cover.medium.jpg",9
"Miss Billy's Decision","","Eleanor H. Porter","American Literature, Novels, Romance","""Miss Billy's Decision"" by Eleanor H. Porter is a novel likely written in the early 20th century. It explores the life of Billy Neilson, who is engaged to the artist Bertram Henshaw, and the various relationships and interactions she navigates amid the playful banter and complexities of love and friendship. At the start of the story, readers are introduced to Calderwell and his friend M. J. Arkwright, two men discussing their lives and acquaintances. Calderwell is humorously enthralled by the mystery of Arkwright's initials, culminating in a delightful twist when it’s revealed that M. J. is indeed a man despite the name ""Mary Jane."" Meanwhile, Billy is preparing to announce her engagement while exhibiting playful innocence and charm. As she communicates with Aunt Hannah about a new girl, Mary Jane, who will be joining them, the plot hints at delightful complications ahead when identity and expectations are turned upside down in the charming and interconnected lives of the characters.",1920,159,4.1,3052,"https://www.gutenberg.org/cache/epub/362/pg362.cover.medium.jpg",10
"The Oakdale Affair","","Edgar Rice Burroughs","American Literature, Crime, Thrillers And Mystery, Novels","""The Oakdale Affair"" by Edgar Rice Burroughs is a mystery novel written in 1917. When a mysterious thief escapes with stolen valuables from a banker's home, the crime becomes entangled with murder, a missing heiress, and rumors of the notorious Oskaloosa Kid. Vagrant Bridge and his unlikely companions take shelter in a haunted house during a storm, only to encounter dead bodies, dangerous criminals, and a terrifying creature dragging chains in the cellar. As identities blur and accusations fly, the truth proves far stranger than anyone imagined.",1917,384,4.4,2405,"https://www.gutenberg.org/cache/epub/363/pg363.cover.medium.jpg",10
"The Mad King","","Edgar Rice Burroughs","Adventure, Novels, Adventure Stories","""The Mad King"" by Edgar Rice Burroughs is a Ruritanian romance originally published in 1914-1915. Young American Barney Custer travels to the fictional European kingdom of Lutha, unaware he's the exact double of the newly escaped King Leopold. Mistaken for royalty, Barney becomes entangled in royal intrigue, falls for the king's promised bride Princess Emma, and must impersonate the monarch to save the throne from a scheming prince. Set against the outbreak of World War I, this adventure follows Barney through diplomatic danger, narrow escapes, and battles that will determine Lutha's fate.",1914,358,4.5,941,"https://www.gutenberg.org/cache/epub/364/pg364.cover.medium.jpg",2
"The Land of Little Rain","","Mary Austin","American Literature, Essays, Letters & Speeches, Nature/Gardening/Animals","""The Land of Little Rain"" by Mary Austin is a collection of essays published in 1903. Through lyrical prose, Austin explores the harsh beauty of California's Owens Valley and Mojave Desert, capturing its sparse rainfall, resilient wildlife, and human inhabitants. The interconnected essays weave together portraits of scavenger birds, solitary miners, Native American basket makers, and desert trails, revealing an arid landscape that demands much from those who dwell there but offers something profound in return. Austin's observations blend natural history with environmental awareness and deep respect for the Southwest's enduring character.",1903,205,4.4,1329,"https://www.gutenberg.org/cache/epub/365/pg365.cover.medium.jpg",2
"Bab","A Sub-Deb","Mary Roberts Rinehart","American Literature, Humour, Novels","""Bab: A Sub-Deb"" by Mary Roberts Rinehart is a novel written in the early 20th century. This humorous and light-hearted work explores the experiences of a young woman navigating the challenges of adolescence and society's expectations. The book offers insights into the social dynamics and cultural norms of its time. The story centers around the titular character, Bab, who is a charmingly naive and somewhat self-absorbed young girl. Throughout the narrative, Bab deals with her friendships, romantic interests, and the pressures of growing up in a society that often places unrealistic expectations on young women. As she interacts with her peers and family, the tale provides a humorous yet poignant reflection on the trials of youth, self-discovery, and the quest for identity amidst societal constraints.",1958,507,4.2,3196,"https://www.gutenberg.org/cache/epub/366/pg366.cover.medium.jpg",9
"The Country of the Pointed Firs","","Sarah Orne Jewett","American Literature, Novels, Authorship","""The Country of the Pointed Firs"" by Sarah Orne Jewett is a novel published in 1896. A Boston writer retreats to the small coastal town of Dunnet, Maine, seeking solitude to finish her book. Boarding with the local herbalist Almira Todd, she becomes drawn into the lives of townspeople—eccentric sea captains, reclusive hermits, and gentle fishermen. Through summer visits and storytelling, she discovers the profound depths hidden beneath the surface of this quiet maritime community, forming bonds that transform her understanding of home and belonging.",1896,188,4.5,1618,"https://www.gutenberg.org/cache/epub/367/pg367.cover.medium.jpg",7
"Acres of Diamonds","Our Every-day Opportunities","Russell H. Conwell","Essays, Letters & Speeches, Conwell, Russell H., 1843-1925, Success","""Acres of Diamonds: Our Every-day Opportunities"" by Russell H. Conwell is a motivational and inspirational treatise written during the late 19th century. The book explores the concept that individuals possess untapped potential within their immediate environments and often overlook the opportunities for success present in their own lives. Conwell, a prominent orator known for his compelling lectures, shares stories of real individuals who failed to recognize the wealth of opportunities right at their doorstep, motivating readers to seek and exploit similar prospects in their lives. The opening of the book sets the stage for this exploration through a narrative involving Ali Hafed, a wealthy farmer who, after hearing stories about diamonds, sells his farm to search for riches elsewhere. Ultimately, he dies in despair, while his farm becomes the site of a diamond mine. This allegory serves to illustrate the central message: that individuals often miss the value of what they already possess. Through various anecdotes, Conwell encourages readers to embrace their own possibilities and emphasizes the importance of recognizing the wealth of opportunities inherent in their surroundings and endeavors.",1925,305,4.8,2044,"https://www.gutenberg.org/cache/epub/368/pg368.cover.medium.jpg",9
"The outlaw of Torn","","Edgar Rice Burroughs","Adventure, British Literature, Historical Novels","""The Outlaw of Torn"" by Edgar Rice Burroughs is a historical novel published as a serial in 1914. Set during thirteenth-century England's Second Barons' War, it follows Norman of Torn, a deadly outlaw raised by a vengeful fencing master to hate all things English. Leading the largest band of thieves in England, Norman becomes entangled in the rebellion alongside Simon de Montfort while falling for his daughter. But a striking resemblance to Prince Edward hints at a shocking secret about Norman's true identity.",1914,345,4.1,2161,"https://www.gutenberg.org/cache/epub/369/pg369.cover.medium.jpg",6
"The Fortunes and Misfortunes of the Famous Moll Flanders","","Daniel Defoe","British Literature, Classics Of Literature, Novels","""The Fortunes and Misfortunes of the Famous Moll Flanders"" by Daniel Defoe is a novel published in 1722. Born in prison to a convict mother, Moll navigates survival through a series of marriages, deceptions, and reinventions. As circumstances strip away her security time and again, she transforms from hopeful young woman to skilled con artist to accomplished thief. Through cunning and charm, Moll pursues the one thing that eludes her: lasting prosperity and peace in a world that offers women few honest paths to independence.",1722,484,4.0,1539,"https://www.gutenberg.org/cache/epub/370/pg370.cover.medium.jpg",3
"Literary Blunders","A Chapter in the ""History of Human Error""","Henry B. Wheatley","Essays, Letters & Speeches, Humour, Journalism/Media/Writing","""Literary Blunders: A Chapter in the 'History of Human Error'"" by Henry B. Wheatley is a historical account likely written in the late 19th century. The book explores the various types of blunders made in literature, examining the effects of errors in writing and translation, as well as the unique character of common misunderstandings in language. Wheatley aims to shed light on the amusing and sometimes serious consequences of these mistakes while celebrating the quirks of literary history. The opening of the work serves as a preface, setting the stage for the discussion of literary blunders by referencing Augustine Caxton's unrealized ""History of Human Error."" Wheatley introduces the concept of blunders versus mistakes, suggesting that blunders often originate from mental confusion and can be light-hearted despite their serious origins. The author indicates that the subsequent chapters will cover various examples, including ghost words, misprints, errata, and the unintentional twists of language that give birth to mistakenly attributed literary tales. This engaging introduction promises a blend of humor and academic analysis, inviting readers to explore the rich tapestry of human oversight in the literary world.",1917,124,4.8,3137,"https://www.gutenberg.org/cache/epub/371/pg371.cover.medium.jpg",7
"Prince Otto, a Romance","","Robert Louis Stevenson","Adventure, British Literature, Novels","""Prince Otto, a Romance"" by Robert Louis Stevenson is a novel published in 1885. In the tiny German state of Grünewald, Prince Otto discovers his subjects' discontent and his wife Princess Seraphina's political scheming with the ambitious Baron Gondremark. As conspiracies unfold involving revolution, war, and romantic entanglements, Otto must navigate questions of honor, duty, and love. This tale of political intrigue and personal redemption follows a well-meaning but ineffectual ruler's struggle to save his marriage, his kingdom, and his integrity.",1885,163,4.6,3459,"https://www.gutenberg.org/cache/epub/372/pg372.cover.medium.jpg",4
"Lay Morals, and Other Papers","","Robert Louis Stevenson","Essays, Letters & Speeches, Philosophy & Ethics, Essays","""Lay Morals and Other Papers"" by Robert Louis Stevenson is a collection of reflective essays written during the late 19th century. The work encompasses Stevenson's thoughts on ethics, education, and the complexities of moral conduct, particularly in relation to societal expectations and personal integrity. It serves as a philosophical exploration of human behavior and the moral struggles individuals face as they navigate life. The opening of the collection begins with a preface by Stevenson’s wife, which recounts their experiences on their yacht and touches on themes of compassion towards those suffering from leprosy, highlighting the moral courage of Father Damien, a priest dedicated to caring for the afflicted. This introduction sets the tone for Stevenson's subsequent essays, where he contemplates the nature of education, the limits of written words in conveying truth, and the inherent complexities of morality. Stevenson critiques societal and religious teachings, suggesting they often fall short of addressing the deeper moral questions of life, while advocating for a more personal and introspective approach to ethics and morality.",1894,143,4.1,1997,"https://www.gutenberg.org/cache/epub/373/pg373.cover.medium.jpg",8
"Fantastic Fables","","Ambrose Bierce","American Literature, Humour, Short Stories","""Fantastic Fables"" by Ambrose Bierce is a collection of satirical fables written during the late 19th century. The book presents a series of whimsical stories that creatively critique various aspects of society, including politics, morality, and human behavior. Each fable incorporates elements of humor and irony, featuring characters and scenarios that reflect Bierce's sharp wit and cynicism. At the start of the collection, the opening fables introduce readers to a range of characters, including Moral Principle and Material Interest, who face off in amusing and philosophic exchanges. Bierce deftly establishes a tone of clever absurdity, illustrating the struggle between ideals and practicality through dialogues that reveal the hypocrisy and ineptitude of societal constructs. The fables proceed to weave together elements of human folly, highlighting the ludicrousness of certain situations, such as a dying man asking for a promise regarding a mystical crimson candle and various politicians and common citizens caught in ridiculous predicaments. Each story serves not just as entertainment, but as a reflective commentary on the complexities and absurdities of life in Bierce's time.",1913,328,4.3,1577,"https://www.gutenberg.org/cache/epub/374/pg374.cover.medium.jpg",7
"An Occurrence at Owl Creek Bridge","","Ambrose Bierce","American Literature, Short Stories, Horror","""An Occurrence at Owl Creek Bridge"" by Ambrose Bierce is a short story published in 1890. It follows Peyton Farquhar, a Confederate sympathizer, as he faces execution by hanging from a railroad bridge during the American Civil War. When the rope breaks and he plunges into the creek below, Farquhar begins a desperate escape toward home. The story abandons linear narration to explore the protagonist's mind, creating an early example of stream-of-consciousness technique that leads to a shocking revelation.",1890,176,4.3,3184,"https://www.gutenberg.org/cache/epub/375/pg375.cover.medium.jpg",3
"A Journal of the Plague Year","Being Observations or Memorials of the Most Remarkable Occurrences, as Well Public as Private, Which Happened in London During the Last Great Visitation in 1665. Written by a Citizen Who Continued All the While in London","Daniel Defoe","British Literature, Classics Of Literature, Historical Novels","""A Journal of the Plague Year"" by Daniel Defoe is a book published in 1722. It recounts one man's experiences during the Great Plague of London in 1665, when bubonic plague devastated the city. Presented as an eyewitness account, the work blends research and imagination to create a detailed chronicle of streets, neighborhoods, and casualties. Its classification remains debated—some view it as authentic history, others as historical fiction, and many as something between both.",1665,320,4.8,2410,"https://www.gutenberg.org/cache/epub/376/pg376.cover.medium.jpg",7
"Kansas Women in Literature","","Nettie Garmer Barker","American Literature, Biographies, Kansas","""Kansas Women in Literature"" by Nettie Garmer Barker is a collection of biographical sketches written during the early 20th century. This book highlights the contributions of various Kansas women writers, poets, and educators, celebrating their literary achievements and social impacts. It likely focuses on themes of empowerment and the cultural significance of women's voices in the literary landscape of Kansas. The book features a wide array of notable figures such as Effie Graham, known for her engaging teaching methods and writings; Esther M. Clark, celebrated for her evocative poetry about Kansas; and Margaret Hill McCarter, one of the most financially successful women writers of her time. Each chapter offers insight into the lives of these women, detailing their origins, achievements, and the challenges they faced in a male-dominated society. Through anecdotes and excerpts from their works, Barker illustrates the rich literary heritage that these women have fostered, emphasizing their vital roles in shaping Kansas's identity and culture.",1953,393,4.1,1283,"https://www.gutenberg.org/cache/epub/377/pg377.cover.medium.jpg",2
"The White Knight","Tirant Lo Blanc","Joanot Martorell, Martí Joan de Galba","Adventure, Classics Of Literature, Historical Novels","""The White Knight: Tirant Lo Blanc"" by Joanot Martorell and Martí Joan de Galba is a chivalric romance published in 1490. This tale follows Tirant, a knight from Brittany, as he embarks on adventures across Europe before the Byzantine Emperor summons him to defend Constantinople against Ottoman invaders. Praised by Cervantes as a ""treasure of enjoyment,"" the novel stands apart from typical romances with its earthy realism, sensuous characters, and satirical edge—perhaps even rewriting history to reverse Byzantium's tragic fall.",1468,509,4.0,1307,"https://www.gutenberg.org/cache/epub/378/pg378.cover.medium.jpg",5
"Worldly Ways & Byways","","Eliot Gregory","American Literature, Essays, Letters & Speeches, Humour","""Worldly Ways & Byways"" by Eliot Gregory is a collection of essays written in the late 19th century that humorously explores the intricacies of social behavior and cultural norms in American society. The text touches upon various themes, including the roles of charm and the evolving expectations of women, the peculiarities of American manners, and the engage-and-reengage dynamics of social interactions. Through light, philosophical musings, Gregory illustrates the absurdities and contradictions present in contemporary social life. The opening of ""Worldly Ways & Byways"" presents a reflection on social customs, particularly focusing on the nature of charm and the transformations in societal expectations for women. Gregory begins by discussing the historic Pele Mele—a custom in which rank is not recognized—and draws parallels to modern society, portraying it as a perpetual competition for social standing. He highlights how charm, often overlooked in the modern woman, plays a crucial role in social interactions, lamenting that contemporary behaviors might detract from the enduring allure and influence of femininity. The author invites readers to consider deep questions surrounding identity and social expectations, setting the stage for a witty and insightful examination of American cultural life at the turn of the 20th century.",1915,294,4.6,3149,"https://www.gutenberg.org/cache/epub/379/pg379.cover.medium.jpg",2
"Weir of Hermiston","An Unfinished Romance","Robert Louis Stevenson","British Literature, Historical Novels, Novels","""Weir of Hermiston: An Unfinished Romance"" by Robert Louis Stevenson is a novel written in 1896. Set during the Napoleonic Wars, it tells the story of Archie Weir, a sensitive young man estranged from his cruel father, a criminal court judge. Banished to the family estate near Hermiston, Archie falls in love with a young woman named Kirstie. The novel breaks off abruptly due to Stevenson's sudden death, leaving readers with a tantalizing fragment of what many consider his most mature work.",1896,394,4.6,3192,"https://www.gutenberg.org/cache/epub/380/pg380.cover.medium.jpg",9
"Memories and Portraits","","Robert Louis Stevenson","British Literature, Essays, Letters & Speeches, Authors, Scottish","""Memories and Portraits"" by Robert Louis Stevenson is a collection of autobiographical essays written in the early 20th century. This volume brings together reflections on both personal memories from his youth and sketches of various characters and places that have enriched his life, providing readers with a tapestry of nostalgia and insight into his formative years and the people who shaped them. At the start of the book, Stevenson introduces the theme of immigration and cultural difference, reflecting on his experience as a Scot navigating the complexities of English society. He shares poignant and comedic observations about the English sense of superiority, their ignorance of other cultures, especially the Scottish, and the significance of language and regional identity. Through this lens, Stevenson also reminisces about his childhood memories and captures vivid encounters with individuals, such as a Scottish gardener and various college friends. This opening passage sets the tone for a deeply introspective journey through the joys and challenges of his formative experiences, revealing the interplay between the past and present as he reflects on personal and societal themes.",1894,538,4.6,2060,"https://www.gutenberg.org/cache/epub/381/pg381.cover.medium.jpg",5
"Edinburgh","Picturesque Notes","Robert Louis Stevenson","British Literature, Essays, Letters & Speeches, Travel Writing","""Edinburgh: Picturesque Notes"" by Robert Louis Stevenson is a non-fiction travel book first published in December 1878. This tribute to Stevenson's birthplace guides readers through Edinburgh's streets, from the Old Town to Calton Hill, blending personal observations with historical detail. Stevenson doesn't romanticize his beloved city—he explores its darker history, including plague victims, notorious criminals, and the grim inspiration behind ""Dr Jekyll and Mr Hyde."" Part guidebook, part memoir, part social history, the book provoked both criticism and praise for its frank portrayal of Scotland's capital.",1894,391,4.1,1769,"https://www.gutenberg.org/cache/epub/382/pg382.cover.medium.jpg",6
"She Stoops to Conquer","or, The Mistakes of a Night: A Comedy","Oliver Goldsmith","British Literature, Humour, Plays/Films/Dramas","""She Stoops to Conquer; Or, The Mistakes of a Night: A Comedy"" by Oliver Goldsmith is a comedic play written during the late 18th century. The plot revolves around a series of misunderstandings and mistaken identities, particularly focusing on the interactions between the characters Young Marlow, who is shy around respectable women, and Miss Hardcastle, who finds herself in the midst of a confusing courtship. This comedy of errors also features a variety of humorous and eccentric characters, including the mischievous Tony Lumpkin, who complicates matters with his pranks. At the start of the play, we are introduced to Mr. and Mrs. Hardcastle, who discuss their son Tony and the arrival of a young gentleman, Mr. Marlow, whom they hope will be a suitable match for their daughter, Kate. However, it quickly becomes evident that Marlow's shyness with respectable women is a source of comedy as he approaches interactions awkwardly, unable to communicate properly. Meanwhile, Tony devises a scheme to trick his family and others, setting the stage for a night filled with humorous misunderstandings. As the characters navigate their relationships and the ensuing chaos, the play promises an entertaining exploration of social norms and romantic pursuits in a comedic light.",1774,303,4.3,2009,"https://www.gutenberg.org/cache/epub/383/pg383.cover.medium.jpg",5
"The Lost Prince","","Frances Hodgson Burnett","Adventure, British Literature, Children & Young Adult Reading","""The Lost Prince"" by Frances Hodgson Burnett is a novel published in 1915. Marco Loristan and his friend, a street urchin called ""The Rat,"" are entrusted with a dangerous secret mission across Europe. As sons of no apparent importance, they must deliver a cryptic message that could spark revolution in the troubled kingdom of Samavia. Their journey is fraught with danger, and its success could overthrow a cruel dictatorship. But Marco may discover that his own destiny is far greater than he ever imagined.",1915,422,4.5,1594,"https://www.gutenberg.org/cache/epub/384/pg384.cover.medium.jpg",9
"The Redheaded Outfield, and Other Baseball Stories","","Zane Grey","American Literature, Humour, Short Stories","""The Redheaded Outfield and Other Baseball Stories"" by Zane Grey is a collection of baseball-themed short stories likely written in the early 20th century. The work captures the excitement and chaos of minor league baseball, showcasing the quirks of a motley crew of players, with a focus on memorable characters such as the eccentric Red Gilbat and the talented Reddie Ray, alongside the complicated dynamics of teamwork and competition. The opening of the first story introduces Delaney's baseball team, the Rochester Stars, and their unusual trio of outfielders—Red Gilbat, a reliable yet unpredictable player, Reddy Clammer, the flashy showman who seeks attention with theatrical plays, and Reddie Ray, an exceptional sprinter with impressive skills. As the Stars face off against their rivals, the Providence Grays, the tension mounts with the weight of the game resting on their shoulders. Amid the humorous antics and spirited competition, the narrative highlights the camaraderie and challenges within a uniquely spirited team dynamic, setting the stage for the tumultuous adventures that await.",1939,261,4.8,2307,"https://www.gutenberg.org/cache/epub/385/pg385.cover.medium.jpg",9
"Virginibus Puerisque, and Other Papers","","Robert Louis Stevenson","British Literature, Essays, Letters & Speeches, Essays","""Virginibus Puerisque, and Other Papers"" by Robert Louis Stevenson is a collection of essays written during the late 19th century. This work explores various themes surrounding youth, friendship, marriage, and the complexities of human emotions and relationships. Through Stevenson's reflective and often humorous prose, readers are invited to contemplate societal conventions and personal experiences related to love and companionship. The opening portion of the work delves deeply into the topic of marriage, contrasting the attitudes of Shakespeare’s time with modern perspectives on matrimony. Stevenson examines the fears and uncertainties modern individuals face regarding marriage, likening it to a fear of death. He discusses the precarious nature of friendships and the social pressures surrounding marriage, ultimately reflecting on the compromises and challenges that come with intimate relationships. By analyzing couples, their choices, and the peculiar sentimentality that surrounds love, the beginning of the collection effectively sets the stage for a broader philosophical discussion on the nature of human connections.",1894,200,4.8,1460,"https://www.gutenberg.org/cache/epub/386/pg386.cover.medium.jpg",8
"Vailima Letters","Being Correspondence Addressed by Robert Louis Stevenson to Sidney Colvin, November 1890-October 1894","Robert Louis Stevenson","Biographies, British Literature, Essays, Letters & Speeches","""Vailima Letters"" by Robert Louis Stevenson is a collection of correspondences written during the late 19th century. The letters mainly convey Stevenson's reflections and experiences while living in the South Sea islands of Samoa, particularly focusing on his new life as a planter and writer, where he shares both the beauty of the tropical landscapes and the challenges that come with settling in a foreign land. At the start of the work, Stevenson writes to his friend Sidney Colvin, offering a vivid and detailed account of his daily life, including his struggles with farming, the management of his household, and his creative writing endeavors. He describes encounters with local Samoans, observations on their culture, and the interplay of domestic tasks and literary pursuits, all set against the backdrop of the lush and sometimes challenging environment of Vailima. These initial letters hint at a blend of personal, political, and social themes that will provide a rich exploration of both his external circumstances and internal thoughts throughout the correspondence.",1890,307,4.0,1317,"https://www.gutenberg.org/cache/epub/387/pg387.cover.medium.jpg",9
"The Crossing","","Winston Churchill","Bestsellers, American, 1895-1923, Adventure, American Literature","""The Crossing"" by Winston Churchill is a historical novel likely written in the early 20th century. The story unfolds against the backdrop of the American frontier during the period of westward expansion, focusing on young Davy Trimble and his father, Alec, who find themselves on the cusp of adventure and conflict as they navigate their lives in the Appalachian wilderness. The novel hints at themes of exploration, survival, and the tumultuous relationships between settlers and Native Americans during a time of significant change in America. The opening portion introduces readers to Davy Trimble, who recounts his childhood in a rustic cabin under the Blue Ridge Mountains in North Carolina. Surrounded by the beauty and danger of the wild, Davy's relationship with his stoic and mysterious father shapes his understanding of the world. After a fateful encounter with the legendary frontiersman Daniel Boone, Davy begins to develop dreams of exploring the land that lies beyond the mountains. As news of wars and conflicts reaches their isolated home, Davy's childhood innocence is intertwined with the stark realities of growing up during a time of uncertainty and impending change, setting the stage for Davy's journey into adulthood.",1947,357,4.7,1225,"https://www.gutenberg.org/cache/epub/388/pg388.cover.medium.jpg",8
"The Great God Pan","","Arthur Machen","British Literature, Crime, Thrillers And Mystery, Novels","""The Great God Pan"" by Arthur Machen is a horror and fantasy novella published in 1894. A dangerous experiment opens a young woman's mind to see the supernatural god Pan, with devastating consequences. Years later, mysterious deaths and suicides follow the beautiful but sinister Helen Vaughan wherever she appears. As investigators piece together her dark origins and unnatural powers, they uncover a terrifying truth linking her to the ancient pagan deity and the failed experiment that began it all.",1894,242,4.6,25000,"https://www.gutenberg.org/cache/epub/389/pg389.cover.medium.jpg",3
"A Lute of Jade","Selections from the Classical Poets of China","L. Cranmer-Byng","Poetry, Chinese Poetry","""A Lute of Jade: Selections from the Classical Poets of China"" by L. Cranmer-Byng is a collection of Chinese poetry rendered in English, likely compiled in the early 20th century. This anthology focuses on selections from renowned classical poets, particularly those from the illustrious Tang dynasty, which is widely regarded as the golden age of Chinese literature. The book explores themes of love, sadness, nature, and the profound philosophies of existence as expressed through the rich tapestry of Chinese verse. The beginning of ""A Lute of Jade"" presents an introduction that sets the stage for an exploration of Chinese poetry through historical context. It discusses the evolution of verse from ancient times, highlighting the transition into the celebrated works of the Tang dynasty. Cranmer-Byng notes the significance of poets like Li Po and Tu Fu, delving into their emotions and experiences, often intertwined with the turbulence of political realities, personal heartbreaks, and the beauty of nature. Through insights into the poetic form and the cultural influences shaping Chinese literature, the opening of the book invites readers to appreciate the depth and artistry of these classical voices, suggesting that the poems can resonate with both the heart and the mind.",1945,443,4.2,2099,"https://www.gutenberg.org/cache/epub/390/pg390.cover.medium.jpg",2
"The Song of Roland","","Various","Classics Of Literature, French Literature, Mythology, Legends & Folklore","""The Song of Roland"" by C. K. Scott-Moncrieff is a translation of an 11th-century epic poem. This medieval chanson de geste recounts the legendary deeds of Frankish warrior Roland at the Battle of Roncevaux Pass during Charlemagne's campaign in Spain. When Roland's stepfather Ganelon betrays the rear guard to Muslim forces, Roland must choose between pride and survival as his outnumbered men face overwhelming odds in a mountain pass ambush. This oldest surviving work of French literature explores themes of loyalty, honor, and heroic sacrifice.",1995,461,4.4,1460,"https://www.gutenberg.org/cache/epub/391/pg391.cover.medium.jpg",3
"Jerusalem Delivered","","Torquato Tasso","History - Medieval/Middle Ages, Poetry, Opera","""Jerusalem Delivered"" by Torquato Tasso is an epic poem first published in 1581. It reimagines the First Crusade as Christian knights, led by Godfrey of Bouillon, battle to capture Jerusalem from Muslim forces. The poem weaves historical figures with fictional characters in a tale of romantic entanglements, magical enchantments, and warriors torn between love and duty. Three Muslim women—including the warrior-maiden Clorinda and the sorceress Armida—become romantically involved with Christian knights, leading to betrayals, conversions, and tragic consequences amid the siege.",1581,489,4.7,3422,"https://www.gutenberg.org/cache/epub/392/pg392.cover.medium.jpg",4
"The Blue Lagoon","A Romance","H. De Vere Stacpoole","Adventure, British Literature, Novels","""The Blue Lagoon: A Romance"" by H. De Vere Stacpoole is a coming-of-age romance novel published in 1908. Two young cousins are shipwrecked on a remote South Pacific island, where they must survive alone after their caretaker dies. Growing up in isolation, they discover the mysteries of nature, maturity, and love without guidance from civilization. As they navigate island dangers and their own transformation into adulthood, their innocent paradise becomes a place of wonder and peril, leading to an ambiguous fate.",1908,401,4.0,25000,"https://www.gutenberg.org/cache/epub/393/pg393.cover.medium.jpg",5
"Cranford","","Elizabeth Cleghorn Gaskell","British Literature, Novels, England","""Cranford"" by Elizabeth Cleghorn Gaskell is an episodic novel published in 1853. Set in a small English country town, the work affectionately portrays a society of elderly women navigating genteel poverty and rigid social codes in a world slowly changing around them. Through the eyes of visitor Mary Smith, readers encounter the ""Amazons"" of Cranford—widows and spinsters maintaining appearances through ""elegant economy"" while resisting the industrial age creeping beyond their boundaries. This gentle chronicle explores class, tradition, and the gradual shift from rank-based society toward human kindness.",1853,404,4.4,25000,"https://www.gutenberg.org/cache/epub/394/pg394.cover.medium.jpg",2
"The Holy War, Made by King Shaddai Upon Diabolus, for the Regaining of the Metropolis of the World","or, The Losing and Taking Again of the Town of Mansoul","John Bunyan","British Literature, Mythology, Legends & Folklore, Novels","""The Holy War, Made by King Shaddai Upon Diabolus, for the Regaining of the..."" by John Bunyan is a novel published in 1682. This allegorical tale follows the town of Mansoul, once perfect under King Shaddai's rule until the cunning Diabolus persuades its citizens to rebel. After Diabolus seizes control, Shaddai sends his son Emmanuel to reclaim the fallen city. Through characters like Lord Willbewill, Understanding, and Conscience, Bunyan crafts an early English novel exploring themes of spiritual warfare and redemption in a city that represents the human soul.",1682,223,4.1,1708,"https://www.gutenberg.org/cache/epub/395/pg395.cover.medium.jpg",9
"The Lady, or the Tiger?","","Frank R. Stockton","American Literature, Short Stories, Choice (Psychology)","""The Lady, or the Tiger?"" by Frank R. Stockton is a short story published in 1882. In a semi-barbaric kingdom, accused criminals face trial by choosing between two doors—one concealing a lady they must marry, the other a deadly tiger. When the king's daughter's lover faces this ordeal, she knows what lies behind each door and signals him which to choose. The story famously ends without revealing his fate, leaving readers to decide.",1882,356,4.2,1341,"https://www.gutenberg.org/cache/epub/396/pg396.cover.medium.jpg",9
"L'Allegro, Il Penseroso, Comus, and Lycidas","","John Milton","British Literature, Classics Of Literature, Poetry","""L'Allegro, Il Penseroso, Comus, and Lycidas"" by John Milton is a collection of poetic works composed during the early 17th century. This book features four distinct pieces: ""L'Allegro"" and ""Il Penseroso,"" which present contrasting moods of joy and melancholy; ""Comus,"" a masque that explores themes of temptation and virtue; and ""Lycidas,"" a pastoral elegy mourning the loss of a friend. The overarching topic addresses human experiences, emotions, and the divine interplay of fate, virtue, and mortality. In ""L'Allegro,"" Milton celebrates the joys and pleasures of life, invoking a spirit of merriment and youthful vitality, while ""Il Penseroso"" explores the depths of contemplation, encouraging a reverence for wisdom and solemn reflection amid life's varied experiences. ""Comus"" unfolds in a dramatic narrative where a virtuous lady, lost in a dark wood, confronts the seductive enchantments of Comus, a symbol of vice, ultimately highlighting the power of chastity and virtue. Finally, ""Lycidas"" serves as a poignant tribute to Milton's deceased friend, contemplating the responsibilities and failings of the clergy, while expressing a hope for spiritual immortality. Together, these works offer a profound exploration of the dualities of life and human spirit, woven with rich imagery and rhetorical elegance characteristic of Milton's style.",1674,325,4.8,964,"https://www.gutenberg.org/cache/epub/397/pg397.cover.medium.jpg",6
"The First Book of Adam and Eve","","Rutherford Hayes Platt","Mythology, Legends & Folklore, Novels, Christianity","""The First Book of Adam and Eve"" by Rutherford Hayes Platt is a retelling of the story of Adam and Eve after their expulsion from the Garden of Eden, likely written in the late 19th century. The text serves as a fictional account that explores the trials, tribulations, and emotional struggles faced by the first humans, focusing on their reflections on the lost paradise and interactions with divine beings. The narrative particularly emphasizes themes of sin, redemption, and the profound yearning for forgiveness. The opening of the book sets the stage by detailing Adam and Eve's immediate reactions to their exile from the garden. They descend into a cave called the Cave of Treasures, overwhelmed by grief and remorse as they confront their new reality. Adam mourns the loss of the garden's beauty while Eve takes on the burden of guilt for their transgression, pleading with God for mercy. Throughout these chapters, the couple grapples with despair, engages in prayer for forgiveness, and experiences encounters with God and adversaries, including Satan, emphasizing the continuous tension between hope and despair in their new lives.",1975,353,4.7,4343,"https://www.gutenberg.org/cache/epub/398/pg398.cover.medium.jpg",3
"Cast Upon the Breakers","","Horatio Alger, Jr.","American Literature, Novels, Children'S Fiction","""Cast Upon the Breakers"" by Horatio Alger, Jr. is a novel written in the late 19th century. The story revolves around the life of Rodney Ropes, a young boy who faces adversity after the loss of his family fortune due to the malfeasance of his guardian. As Rodney navigates his newfound poverty, he draws on his education and values to seek a new path in life while dealing with the challenges that come with social mobility and ethical dilemmas. The opening of the novel introduces Rodney just as he learns about his unfortunate financial situation, forcing him to leave the comforts of his boarding school. Friends express sympathy, but Rodney's circumstances quickly become dire as he tries to find work in the bustling city of New York. He soon privately struggles with feelings of loss and dislocation while finding solace in his mother’s jewelry, which he vows to keep despite its potential financial value. As he encounters individuals like the opportunistic John Bundy and the sympathetic Dr. Sampson, Rodney's character starts to develop against the backdrop of a society that often prioritizes wealth over virtue. The beginning sets the stage for Rodney's quest for independence and integrity amidst the challenges he faces.",1899,231,4.0,976,"https://www.gutenberg.org/cache/epub/399/pg399.cover.medium.jpg",6
"Helen of Troy, and Other Poems","","Sara Teasdale","American Literature, Classics Of Literature, Mythology, Legends & Folklore","""Helen of Troy, and Other Poems"" by Sara Teasdale is a collection of poetry written in the early 20th century. The book explores themes of love, beauty, and sorrow, drawing on classical figures such as Helen of Troy, Sappho, and Guenevere to illustrate the emotional landscape of the human experience. Teasdale's lyrical style combines personal reflection with mythological allusions, creating a poignant exploration of the struggles and joys associated with love. The poems within the collection delve into the complexities of desire and regret, often personifying love as a powerful and sometimes destructive force. In ""Helen of Troy,"" the titular character laments her beauty and the havoc it wreaks on her life, embodying the eternal strife between beauty and suffering. Other poems, such as ""Beatrice"" and ""Sappho,"" showcase the burden of love experienced by iconic women from literature and history, blending their narratives with the poet’s own reflections on longing and loss. Teasdale captures the transient nature of love and the lingering impact it leaves, evoking a sense of deep yearning and introspection throughout the collection.",1933,429,4.2,808,"https://www.gutenberg.org/cache/epub/400/pg400.cover.medium.jpg",9
"Blix","","Frank Norris","American Literature, Novels, California","""Blix"" by Frank Norris is a novel written during the late 19th century. The story centers around the Bessemer family, particularly focusing on the character Travis Bessemer, a strong and vivacious young woman who navigates her relationships with her father, Mr. Bessemer, and her suitor, Condy Rivers, against the backdrop of social expectations and personal ambitions. The interactions within the family reveal a mix of affection and disconnection, highlighting themes of love, individuality, and societal norms. At the start of the narrative, we are introduced to the Bessemer household, filled with morning chaos as Travis and her brother Howard prepare for Sunday. The family dynamic is established through the characters' unique personalities: Mr. Bessemer is portrayed as self-absorbed and disconnected from his children, Howard embodies the typical troublesome boy, and Travis takes on a maternal role. The scene captures the everyday life of a family in San Francisco, rich with vibrant descriptions of their surroundings and conflicts. As Travis interacts with her siblings and her suitor, Condy, we catch glimpses of her determination and independence, suggesting a depth to her character that will drive the story forward. The initial chapters set the stage for the exploration of personal growth and the societal constraints that challenge the characters' aspirations.",1902,131,4.2,906,"https://www.gutenberg.org/cache/epub/401/pg401.cover.medium.jpg",6
"Penrod","","Booth Tarkington","Best Books Ever Listings, Bestsellers, American, 1895-1923, American Literature","""Penrod"" by Booth Tarkington is a collection of comic sketches published in 1914. The book follows eleven-year-old Penrod Schofield through a series of misadventures in pre-World War I Midwestern America. From suffering through a pageant as ""The Child Sir Lancelot"" to organizing backyard shows, feuding with local tough kids, and navigating the perils of dancing class, Penrod embodies boyhood mischief and imagination. His escapades—involving tar, birthday parties, and hero-worship gone wrong—paint a humorous portrait of childhood rebellion and the gap between adult expectations and youthful reality.",1914,200,4.0,1459,"https://www.gutenberg.org/cache/epub/402/pg402.cover.medium.jpg",2
"Soldiers of Fortune","","Richard Harding Davis","Bestsellers, American, 1895-1923, American Literature, Novels","""Soldiers of Fortune"" by Richard Harding Davis is a novel written during the late 19th century. The story is set against the backdrop of high society in New York City, focusing on the intersecting lives of Alice Langham, a strong-willed woman seeking emotional depth beyond social expectations, and Robert Clay, a rugged cowboy come from the West, who introspects on the lives of ordinary workers versus the advantages of the wealthy elite. Their interactions suggest themes of authenticity, societal roles, and the yearning for genuine connection. At the start of the novel, we meet Alice Langham, who is caught in the convolutions of social dining, ultimately feeling distanced from her suitor, Reginald King, who she believes views her as a prize rather than an equal. Clay, introduced as a new character at dinner, piques her interest with his fresh perspective. The narrative delves into Alice's internal conflict regarding her longing for a partner who truly understands her, contrasted with the superficial engagements of her social circle. Through a series of conversations at the dinner, including discussions of civil engineering and the adventurous lives that it entails, the groundwork for the connection between Alice and Clay is laid, suggesting that their paths will weave together in unexpected ways in the narrative to unfold.",1916,296,4.5,704,"https://www.gutenberg.org/cache/epub/403/pg403.cover.medium.jpg",5
"Industrial Biography","Iron Workers and Tool Makers","Samuel Smiles","Biographies, History - Modern (1750+), Industrial Arts","""Industrial Biography: Iron Workers and Tool Makers"" by Samuel Smiles is a historical account written in the mid-19th century that celebrates the contributions of notable figures in the ironworking and tool-making industries. The book seeks to highlight the often-overlooked impact that these industrial workers have had on society, emphasizing their role in shaping modern industry and civilization. The opening of the text revolves around the fundamental importance of iron in the development of civilization, describing its revolutionary effect on early human societies. Smiles references historical anecdotes, such as Captain Cook’s experiences with South Sea Islanders, to illustrate the immense value placed on iron tools compared to primitive alternatives. He discusses the progression through various ""ages"" of human culture—the Stone, Bronze, and Iron ages—and sets the stage for an exploration of significant figures in the field of ironworking, hinting at a broader narrative that will include profiles of famous inventors and mechanics who transformed industries and improved everyday life.",1904,323,4.4,2918,"https://www.gutenberg.org/cache/epub/404/pg404.cover.medium.jpg",10
"Adventures and Letters of Richard Harding Davis","","Richard Harding Davis","Bestsellers, American, 1895-1923, American Literature, Biographies","""Adventures and Letters of Richard Harding Davis"" by Richard Harding Davis is a collection of autobiographical sketches and letters, likely crafted in the late 19th century. The narrative revolves around Davis's life, detailing his early experiences, education, and budding career as a journalist and author. The themes of familial influence, the impact of upbringing, and the exploration of identity in the face of societal expectations are prevalent in the early chapters, showcasing the author's formative experiences that shaped his literary career. At the start of this compilation, the reader is introduced to the author's childhood in Philadelphia, where he grew up in a nurturing yet demanding household. His early days are filled with camaraderie with his brother, and they often engaged in makeshift plays and adventurous explorations of their environment. As Richard transitions into his schooling years, he grapples with the pressures of academic performance while exhibiting a strong moral compass, often rallying against injustices in his academic environment. The opening chapters illustrate the interplay of Richard’s early creative instincts and the support from his family, setting the stage for his future endeavors in writing and journalism.",1916,549,4.8,2502,"https://www.gutenberg.org/cache/epub/405/pg405.cover.medium.jpg",4
"Appreciations of Richard Harding Davis","","Various","American Literature, Biographies, Essays, Letters & Speeches","""Appreciations of Richard Harding Davis by Various"" is a collection of essays and reflections penned by multiple authors in tribute to the influential American writer and war correspondent Richard Harding Davis. Written in the early 20th century, this book celebrates Davis's life, character, and significant contributions to literature and journalism. The text shares insights into his adventurous spirit, charm, and the profound impact he had on his contemporaries, emphasizing his role in American literary culture during a time marked by rapid change and conflict. The book captures a series of personal anecdotes and observations from well-known figures such as Theodore Roosevelt, Winston Churchill, and Booth Tarkington, each reminiscing about their experiences with Davis. They reflect on his unique ability to write vividly about war and human experiences, his generous character, and the qualities that made him beloved among friends and colleagues. The essays reveal how Davis's youthful exuberance and commitment to his ideals shaped not just his writing but also the lives of those who knew him, highlighting his unparalleled talent as a storyteller and a person who embodied a deep sense of patriotism, kindness, and courage.",1995,442,4.4,2857,"https://www.gutenberg.org/cache/epub/406/pg406.cover.medium.jpg",10
"The Reporter Who Made Himself King","","Richard Harding Davis","American Literature, Humour, Novels","""The Reporter Who Made Himself King"" by Richard Harding Davis is a satirical narrative written in the early 20th century. The book follows the misadventures of young Albert Gordon, a keen and ambitious reporter who, seeking a quieter life to focus on writing, unintentionally finds himself appointed as the American consul to an obscure tropical island called Opeki. Through a series of comical and exaggerated events, Gordon transitions from reporter to self-proclaimed king, showcasing the absurdities of colonialism, media sensationalism, and the quest for fame. In the story, after arriving in Opeki, Gordon discovers the island to be quite undeveloped and sparsely populated. His initial dreams of writing a novel soon turn into a wild escapade where he navigates peculiar encounters with local kings, foreign officials, and even a German warship. As he attempts to maintain peace between rival factions and impress the natives, his reporting background comes back into play as he fabricates stories that grab international attention. His actions lead to an unintended escalation, culminating in a mock war and a comical transformation into a self-styled monarch amid a backdrop of political chaos, ultimately critiquing the absurdity of power dynamics and the pressures of journalistic expectations.",1916,493,4.3,1208,"https://www.gutenberg.org/cache/epub/407/pg407.cover.medium.jpg",10
"The Souls of Black Folk","","W. E. B. Du Bois","African American Writers, Essays, Letters & Speeches, History - American","""The Souls of Black Folk"" by W. E. B. Du Bois is a collection of essays published in 1903. This groundbreaking work explores the African-American experience through personal observations and social analysis. Du Bois introduces influential concepts like ""double consciousness""—the experience of viewing oneself through both one's own eyes and those of a prejudiced society—and ""the veil"" that separates black and white Americans. Through essays on education, freedom, and justice, he examines the color line dividing races and argues for voting rights, quality education, and equal treatment.",1903,364,4.6,8352,"https://www.gutenberg.org/cache/epub/408/pg408.cover.medium.jpg",8
"Poems on various subjects, religious and moral","","Phillis Wheatley","African American Writers, American Literature, Poetry","""Poems on Various Subjects, Religious and Moral"" by Phillis Wheatley is a collection of 39 poems published in 1773. This groundbreaking work made Wheatley the first published African-American woman poet in America. Unable to find a publisher in the American colonies due to widespread beliefs about racial inferiority, Wheatley turned to London. Before publication, she faced an extraordinary examination by eighteen prominent Boston figures, including John Hancock, who attested that an enslaved woman could indeed write poetry. Her collection arrived in Boston aboard the Dartmouth, miraculously surviving the Tea Party protests.",1773,381,4.8,1832,"https://www.gutenberg.org/cache/epub/409/pg409.cover.medium.jpg",7
"Hell Fer Sartain and Other Stories","","John Fox, Jr.","American Literature, Short Stories, Cumberland Mountains","""Hell Fer Sartain and Other Stories"" by John Fox Jr. is a collection of short stories written in the early 20th century, capturing the essence of Appalachian life and culture. The narratives explore the lives of mountain people in Kentucky, featuring themes of love, rivalry, and the complex moral fabric of rural communities. This book provides a glimpse into a world shaped by nature's challenges, human emotions, and the underlying tension of personal relationships. The stories within this collection, including the titular tale ""Hell Fer Sartain,"" interweave various characters and their experiences in the backwoods of Kentucky. Skillfully narrated, the stories showcase the interpersonal dramas that arise from misunderstandings and the consequences of gossip, illustrated through the relationships between characters like Rich Harp, Harve Hall, and the enigmatic Abe Shivers. With vibrant descriptions and poignant dialogue, the collection delves into themes of honor, betrayal, and resilience, while painting a vivid picture of the rural Southern landscape. Throughout the narratives, Fox's use of dialect brings authenticity to the characters, capturing the unique flavor of their lives and the moral dilemmas they navigate in a sometimes unforgiving environment.",1919,537,4.0,1979,"https://www.gutenberg.org/cache/epub/410/pg410.cover.medium.jpg",8
"The King's Jackal","","Richard Harding Davis","Adventure, Novels, Kings And Rulers","""The King's Jackal"" by Richard Harding Davis is a novel likely written in the late 19th century. The story unfolds in Tangier, Morocco, and revolves around the political intrigue of the exiled King of Messina and his ambitious attempts to regain his throne. Key characters include the King himself, the Countess Zara, who plays a pivotal role in the plot, and Prince Kalonay, who is characterized as the King’s loyal supporter known as the ""King's jackal."" At the start of the novel, readers are introduced to the opulent setting of the Hotel Grand Bretagne, where the King is being discreetly sheltered with a guard of soldiers. The opening scenes showcase the interactions among the King's entourage as they discuss the impending return to Messina and the dynamics of their conspiracy. The narrative introduces various characters—like Baron Barrat and Colonel Erhaupt—who reveal the political machinations at play. The Countess Zara’s return from a mission adds tension, particularly when her contributions to the plans and her evolving relationship with Kalonay begin to surface. Meanwhile, the lurking presence of an American journalist, Archie Gordon, hints at potential complications for the entourage as they navigate secretive dealings and lofty ambitions, all while grappling with the uncertainty of success in their revolutionary endeavors.",1916,432,4.5,667,"https://www.gutenberg.org/cache/epub/411/pg411.cover.medium.jpg",9
"John Jacob Astor","","Elbert Hubbard","Biographies, History - American, Astor, John Jacob, 1763-1848","""John Jacob Astor"" by Elbert Hubbard is a biography written in the early 20th century that explores the life and achievements of John Jacob Astor, one of America's earliest and most influential entrepreneurs. The book chronicles Astor's journey from modest beginnings as the son of a butcher in Germany to becoming a wealthy fur trader and real estate mogul in America. It highlights themes of hard work, efficiency, and the importance of good habits in achieving success. The biography details Astor's early life, his migration to America, and his foray into the fur trade, where he quickly learned the business and established strong relationships with Native Americans. It depicts his innovative approach to both commerce and community, including his ventures in music and real estate. The text also underscores Astor's remarkable foresight in predicting the future growth of American cities, his community contributions, and his legacy through the establishment of the Astor Library. Hubbard emphasizes Astor's character, work ethic, and commitment to self-improvement, presenting him as a model of success through industriousness and strategic thinking.",1915,350,4.0,1855,"https://www.gutenberg.org/cache/epub/412/pg412.cover.medium.jpg",3
"Ballads","","Robert Louis Stevenson","British Literature, Mythology, Legends & Folklore, Poetry","""Ballads by Robert Louis Stevenson"" is a collection of narrative poems published in the late 19th century. This work encapsulates a variety of legends and tales inspired by the landscapes and cultures of the Pacific Islands and Scotland, presenting themes of love, betrayal, and the complexities of human nature. The collection showcases Stevenson's lyrical prowess and his ability to weave intricate narratives that transport readers to both mythical and historical realms. The collection includes several standout pieces, such as ""The Song of Rahéro,"" which portrays the tale of a young Tahitian fisherman caught in a web of treachery and revenge, and ""Ticonderoga,"" a tale of feuding Scottish clans. Each ballad features rich characters and vivid storytelling, capturing the essence of their respective settings. For instance, in ""The Feast of Famine,"" a desperate priest manipulates the tribe's fate during a time of hunger, while ""Heather Ale"" explores the consequences of a king's desire for a secret brew. Through these varied tales, Stevenson delves into human emotions and societal conflicts, inviting readers to reflect on the resilience and fragility of life.",1894,179,4.0,2877,"https://www.gutenberg.org/cache/epub/413/pg413.cover.medium.jpg",3
"The Pageant of Summer","","Richard Jefferies","Essays, Letters & Speeches, Nature/Gardening/Animals, Nature Study","""The Pageant of Summer"" by Richard Jefferies is a reflective nature essay written during the early 20th century. This book is a poetic celebration of the summer season, encapsulating the beauty and vibrancy of the natural world as it transforms and flourishes. Through vivid descriptions and deep contemplations, Jefferies explores themes of life, growth, and the interconnectedness of all living things, highlighting the profound joy and hope that nature inspires. In this work, Jefferies invites readers to immerse themselves in the sensory experiences of summer, detailing the sights, sounds, and scents of the natural environment. He uses rich imagery to depict various elements of the landscape, such as grasses, flowers, birds, and insects, weaving them into a tapestry that illustrates life in full bloom. Amidst these descriptions, he reflects on the cyclical nature of life and the enduring beauty that each summer brings, suggesting that this abundance is not just a physical reality but also a source of spiritual nourishment and optimism for humanity’s future. Ultimately, ""The Pageant of Summer"" serves as both a celebration of the season and a call to recognize and appreciate the life that surrounds us.",1887,485,4.8,2737,"https://www.gutenberg.org/cache/epub/414/pg414.cover.medium.jpg",8
"The Bible in Spain","Or, the Journeys, Adventures, and Imprisonments of an Englishman, in an Attempt to Circulate the Scriptures in the Peninsula","George Borrow","History - Modern (1750+), Religion/Spirituality, Travel Writing","""The Bible in Spain"" by George Borrow is a travel book published in 1843. It chronicles Borrow's adventurous journey through Spain as a Bible salesman during the turbulent Carlist Civil War of 1835-1838. Facing fierce opposition from the Catholic Church and authorities, he navigates dangerous terrain, encounters everyone from prime ministers to gypsies, opens an illegal bookshop, and lands briefly in prison. This vivid account blends evangelical mission with romantic adventure, offering intimate portraits of a diverse cast of Spaniards during a dramatic period in Spanish history.",1843,457,4.7,926,"https://www.gutenberg.org/cache/epub/415/pg415.cover.medium.jpg",5
"Winesburg, Ohio","A Group of Tales of Ohio Small Town Life","Sherwood Anderson","American Literature, Short Stories, City And Town Life","""Winesburg, Ohio: A Group of Tales of Ohio Small Town Life"" by Sherwood Anderson is a short story cycle published in 1919. Set in the fictional town of Winesburg, Ohio, the work follows George Willard from childhood to young adulthood as he prepares to leave his hometown. Through twenty-two interconnected stories, Anderson explores the inner lives of various townspeople, each struggling with loneliness and isolation in pre-industrial small-town America. Known for its psychological depth and plainspoken prose, the work is considered an early example of Modernist literature.",1919,442,4.2,2050,"https://www.gutenberg.org/cache/epub/416/pg416.cover.medium.jpg",6
"Dr. Martin Luther's Deutsche Geistliche Lieder","The Hymns of Martin Luther Set to Their Original Melodies, With an English Version","Martin Luther","German Literature, History - Early Modern (c. 1450-1750), Music","“Dr. Martin Luther's Deutsche Geistliche Lieder” by Martin Luther is a collection of hymns set to their original melodies, edited in the context of the Reformation era. The work, likely compiled in the early 16th century, focuses on the importance of congregational singing within the Christian faith, reflecting Luther's broader aims of making religious practices accessible to the common people through the use of vernacular hymns. The opening of this collection includes a mix of hymns and translations, highlighting Luther’s conviction that music and song play a vital role in worship and the expression of faith. It presents a variety of hymns, including the well-known “Nun freut euch, lieben Christen g'mein,” which conveys themes of thanksgiving and salvation through Christ. The introduction emphasizes the transformative power of music, linking it to the Reformation’s goal of fostering individual and national identity through worship that resonates with everyday people, further asserting that these hymns are an essential part of spiritual life for Christians.",1546,377,4.2,2054,"https://www.gutenberg.org/cache/epub/417/pg417.cover.medium.jpg",10
"A Treatise on Good Works","","Martin Luther","History - Early Modern (c. 1450-1750), Philosophy & Ethics, Religion/Spirituality","""A Treatise on Good Works"" by Martin Luther is a theological treatise written in the early 16th century during the Reformation period. The text explores the concept of good works in the Christian faith, arguing against the prevailing notion that only traditional religious practices and rituals are acceptable to God. Instead, Luther posits that true good works are those commanded by God and performed out of faith, thus reshaping the understanding of morality and righteousness within the Church. The opening of the treatise sets the stage for Luther's reflection on his role as a pastor and reformer, emphasizing that his writings were motivated by his duty to guide his congregation toward true spiritual understanding. He details his journey of faith and the intellectual struggles that led to his insistence that genuine good works must arise from faith alone, rather than external adherence to rituals. Luther addresses misconceptions about his teachings, reaffirming that good works should not be equated with self-elected or superficial acts. He introduces the central tenets of his argument, which he plans to elaborate on using the framework of the Ten Commandments, thereby outlining a path for believers to engage in meaningful expressions of faith through their everyday actions.",1546,367,4.3,1392,"https://www.gutenberg.org/cache/epub/418/pg418.cover.medium.jpg",5
"The Magic of Oz","","L. Frank Baum","Adventure, Children & Young Adult Reading, Science-Fiction & Fantasy","""The Magic of Oz"" by L. Frank Baum is a fantasy novel published in 1919. When a Munchkin boy named Kiki Aru discovers a powerful transformation spell, he teams with the exiled Nome King Ruggedo to conquer Oz. Together they scheme to raise an army of forest animals by transforming them into soldiers. Dorothy, the Wizard, and their friends must stop this magical threat before Ozma's birthday celebration turns into disaster for the Emerald City.",1919,363,4.7,1307,"https://www.gutenberg.org/cache/epub/419/pg419.cover.medium.jpg",8
"Dorothy and the Wizard in Oz","","L. Frank Baum","Adventure, American Literature, Children & Young Adult Reading","""Dorothy and the Wizard in Oz"" by L. Frank Baum is a fantasy novel written during the late 19th century. The story continues the adventures of Dorothy Gale, who, along with new companions such as Zebediah and Eureka the kitten, finds herself ensnared in yet another extraordinary journey through the magical land of Oz. Following a disastrous earthquake that thrusts her and her friends into a perilous underground world, the narrative explores themes of friendship, bravery, and the clash between different realms and beings. The opening of the book introduces Dorothy as she arrives in California, where she is met by Zeb, who is sent to take her to Hugson's Ranch. Not long after their encounter, they experience a violent earthquake that causes the ground to split, and they tragically tumble into a dark pit. As the story unfolds, they navigate strange lands inhabited by odd creatures, including the oddly polite yet menacing Mangaboos, who are composed entirely of vegetable matter. Meanwhile, the return of the Wizard allows them to engage with other magical beings and delve deeper into the mysteries of Oz, all while seeking a way back home. The tale teems with whimsical elements, unexpected conversations, and a touch of danger, ensuring a captivating read for fans of adventure and fantasy alike.",1919,530,4.5,1304,"https://www.gutenberg.org/cache/epub/420/pg420.cover.medium.jpg",9
"Kidnapped","","Robert Louis Stevenson","Adventure, Best Books Ever Listings, British Literature","""Kidnapped"" by Robert Louis Stevenson is a historical fiction adventure novel first published in 1886. Seventeen-year-old David Balfour's life takes a dark turn when his uncle betrays him, leading to his kidnapping and forced voyage to colonial servitude. After a shipwreck reunites him with Alan Breck Stewart, a fugitive Jacobite, the two become unlikely companions fleeing through the dangerous Scottish Highlands. Set against the turbulent backdrop of 18th-century Scotland, their journey intertwines with real historical events, including a notorious murder that threatens both their lives.",1886,499,4.8,25000,"https://www.gutenberg.org/cache/epub/421/pg421.cover.medium.jpg",5
"The Romany Rye","","George Borrow","Adventure, British Literature, Novels","""The Romany Rye"" by George Borrow is a novel written in 1857 as a sequel to Lavengro. This philosophical adventure follows a learned young man living among the Romani people, encountering eccentric characters and exploring Gypsy customs. The protagonist acquires a horse from his Romani friend Jasper Petulengro and journeys to the Horncastle horse fair. The story concludes with a linguistic revelation about connections between Romani and Northern Indian languages, prompting dreams of distant travel.",1857,188,4.5,1285,"https://www.gutenberg.org/cache/epub/422/pg422.cover.medium.jpg",9
"Round the Red Lamp","Being Facts and Fancies of Medical Life","Arthur Conan Doyle","British Literature, Health & Medicine, Short Stories","""Round the Red Lamp: Being Facts and Fancies of Medical Life"" by Sir Arthur Conan Doyle is a collection of stories written during the late 19th century. The work delves into various aspects of medical life, presenting a blend of both factual and fictional narratives that explore the realities and complexities faced by practitioners and their patients. The opening portion introduces us to Dr. James Winter, an old-fashioned country doctor whose approach to medicine contrasts sharply with the modern practices of his younger colleagues. Through humorous anecdotes and character observations, we see Dr. Winter's endearing yet outdated methods, as well as the reverence he holds in his community despite the advancements in medical science that he remains oblivious to. The narrative highlights the tension between traditional and modern medical practices, setting the stage for a series of engaging tales that promise to illuminate the graver sides of life in the medical field, while also portraying the human stories behind the treatments.",1930,192,4.8,2275,"https://www.gutenberg.org/cache/epub/423/pg423.cover.medium.jpg",4
"General William Booth Enters into Heaven, and Other Poems","","Vachel Lindsay","American Literature, Poetry, American Poetry","""General William Booth Enters into Heaven, and Other Poems"" by Vachel Lindsay is a collection of poetry that reflects the author's artistic vision and socio-political commentary, written in the early 20th century. This book captures themes of spirituality, social justice, and the intersection of beauty and suffering, articulated through a vibrant, rhythmic style that seeks to restore the oral tradition in poetry. Lindsay's work serves as a critique of society while also advocating for beauty and compassion, often channeling his thoughts through historical and literary figures. The collection's titular poem, ""General William Booth Enters into Heaven,"" serves as a vivid portrayal of the Salvation Army's founder's arrival in heaven alongside the downtrodden and marginalized, celebrating redemption and hope amidst hardship. Throughout the poems, Lindsay intertwines observations of urban life, reflections on love, and calls for social reform, as seen in pieces like ""The Drunkards in the Street"" and ""Why I Voted the Socialist Ticket."" His work resonates with a deep empathy for the human condition, calling for both personal and collective transformation through beauty and truth, while his distinct voice invites readers into a world where poetry becomes a powerful instrument for societal change.",1931,403,4.2,3351,"https://www.gutenberg.org/cache/epub/424/pg424.cover.medium.jpg",4
"Familiar Studies of Men and Books","","Robert Louis Stevenson","Essays, Letters & Speeches, Burns, Robert, 1759-1796, Hugo, Victor, 1802-1885","""Familiar Studies of Men and Books"" by Robert Louis Stevenson is a collection of literary essays written in the late 19th century. The book reflects Stevenson's observations and commentary on various notable figures in literature and history, exploring their influences and contributions through a critical yet affectionate lens. The opening of the collection introduces the author’s intent, describing the blending of critical analysis and personal insight in his studies of authors like Hugo, Burns, Whitman, and Thoreau. Stevenson articulates the challenges and nuances of writing about such diverse figures, indicating that these reflections are driven by both admiration and a sense of responsibility to present their subjects with care. He acknowledges his own limitations and the complexities of capturing the essence of these literary giants while maintaining a genuine interest in their lives and works. Through this approach, Stevenson sets the stage for a rich exploration of the intersecting lives of these influential men and their writings.",1894,463,4.7,1311,"https://www.gutenberg.org/cache/epub/425/pg425.cover.medium.jpg",9
"Tales and Fantasies","","Robert Louis Stevenson","British Literature, Novels, Short Stories","""Tales and Fantasies"" by Robert Louis Stevenson is a collection of fictional stories written in the late 19th century. The opening portion introduces readers to the character of John Varey Nicholson, a young man beset by his own failures and family expectations. The narrative reveals his internal struggles and societal pressures, setting the tone for themes of personal growth and moral dilemmas that will likely unfold throughout the collection. At the start of the book, we are introduced to John Nicholson, who is described as cheerful yet somewhat stupid, overshadowed by his father's ambitions and strict expectations. Dismissed early from his father's law office one Saturday, John chooses to squander his afternoon instead of fulfilling his responsibility of depositing four hundred pounds at the bank. This decision leads him into trouble, including a reckless pawn of his mother’s watch and entanglements with morally questionable friends. The chapter captures John's naïveté and conflicted desires, ultimately hinting at a series of unfortunate events that may follow as he grapples with the consequences of his poor choices amidst a backdrop of familial pressures and societal norms.",1894,225,4.5,2758,"https://www.gutenberg.org/cache/epub/426/pg426.cover.medium.jpg",9
"The Great War Syndicate","","Frank R. Stockton","American Literature, Novels, Science-Fiction & Fantasy","""The Great War Syndicate"" by Frank R. Stockton is a novel written during the late 19th century. The story explores the fictional premise of heightened tensions between the United States and Great Britain, leading up to a war primarily centered around control over fishing waters and the strategies adopted by the newly formed Syndicate, a group of powerful businessmen intent on managing the war effort. The opening of the book sets a vivid scene as the fishing schooner Eliza Drum is seized by a British cruiser, igniting national outrage in the United States. This event escalates into a declared war against Great Britain, driven by the fervor of the American populace. In the midst of the chaos, a group of influential capitalists forms the Syndicate, which offers to manage the war for profit and efficiency, taking control of military operations while devising innovative military technology, particularly mysterious new bombs and unorthodox naval vessels known as ""crabs."" The tension mounts as the Syndicate prepares to engage in a unique form of warfare, illustrating the intersection of commerce, politics, and the devastating consequences of war.",1902,432,4.7,1661,"https://www.gutenberg.org/cache/epub/427/pg427.cover.medium.jpg",9
"Frivolous Cupid","","Anthony Hope","British Literature, Humour, Novels","""Frivolous Cupid"" by Sir Anthony Hope Hawkins is a novel likely written in the late 19th century. The story centers around the themes of love and ambition, particularly highlighted through the character of Harry Sterling, who navigates a complex social environment upon his return to a familiar setting. The initial chapters introduce budding relationships and complications, particularly as Harry becomes romantically entangled with Mrs. Mortimer, a more experienced woman, which indicates a humorous and possibly dramatic exploration of romantic pursuits. The opening of ""Frivolous Cupid"" sets the stage in the idyllic village of Natterley, where the return of Harry Sterling is a significant event that stirs local interest, especially among his old acquaintances. We see Harry's interactions with various characters, including the nervously flirtatious Mrs. Mortimer, as he attempts to blend his youthful charm with the expectations of his newfound social status. As the narrative unfolds, the tension between attraction and propriety emerges, hinting at the comedic and poignant themes that will develop throughout the novel. The relationships and character dynamics laid out in these early chapters promise a light-hearted yet earnest journey through love's complexities.",1933,469,4.0,3124,"https://www.gutenberg.org/cache/epub/428/pg428.cover.medium.jpg",8
"The Magic Egg, and Other Stories","","Frank R. Stockton","Science-Fiction & Fantasy, Short Stories, United States","""The Magic Egg, and Other Stories"" by Frank R. Stockton is a collection of short stories likely written during the late 19th century. The stories delve into themes of wonder, adventure, and human nature, often woven through fantastical elements and engaging narratives. The story begins with Herbert Loring, a young man gathering friends for a theatrical exhibition where he showcases magical acts, including a fascinating display involving a magic egg that seemingly brings a chick to life. At the start of ""The Magic Egg,"" Loring is set to entertain a select audience at a private club theatre. He begins with a display of colorful fireworks, which captivates the audience, though his true intent is revealed with the magic egg. He hypnotizes the entire audience without their knowledge, leading them to believe in the reality of the magical performance. This opening sets the stage for a deeper exploration of themes like perception, reality, and the dynamics of illusion, particularly as Edith Starr, Loring’s betrothed, discovers the truth behind the spectacle and challenges Loring’s manipulation of reality. As the curtain falls on this initial act, readers are left to ponder the moral implications of Loring's experiment and the nature of belief itself.",1902,533,4.4,2453,"https://www.gutenberg.org/cache/epub/429/pg429.cover.medium.jpg",8
"The Grain of Dust","A Novel","David Graham Phillips","American Literature, Novels, Love Stories","""The Grain of Dust: A Novel"" by David Graham Phillips is a work of fiction written during the early 20th century. The novel introduces its readers to the contrasting lives of two characters: Miss Dorothea Hallowell, an unassuming young woman seeking employment, and Frederick Norman, a young and ambitious lawyer in a prestigious law firm. The narrative explores themes related to social class, ambition, and the complexities of human relationships. The opening of the novel presents the mundane circumstances under which Dorothea finds herself working at a large law firm in New York City. Her interactions are minimal, hinting at her self-effacing nature and the struggles she faces as a temporary employee. In contrast, Frederick Norman emerges as a dynamic character, displaying wit, ambition, and a certain ruthlessness in his professional ambitions. The reader witnesses their initial encounter, which is laden with an undercurrent of potential emotional complexity that might develop as the story unfolds. As Dorothea's character slowly reveals depth through her emotional struggles, Norman’s allure as both a charismatic leader and an enigmatic figure becomes apparent, setting the stage for their developing relationship.",1911,357,4.6,3431,"https://www.gutenberg.org/cache/epub/430/pg430.cover.medium.jpg",10
"The Fortune Hunter","","David Graham Phillips","American Literature, Novels, Romance","""The Fortune Hunter"" by David Graham Phillips is a novel written in the early 20th century. The story centers around the ambitious and charismatic protagonist, Mr. Feuerstein, an actor who is both enamored with dreams of success and mired in the realities of financial struggle. His journey involves navigating complex relationships with the women he meets, particularly with Hilda Brauner, whose working-class background contrasts sharply with Feuerstein's grandiose aspirations. The opening of the book introduces Mr. Feuerstein as a charming yet financially precarious figure who seems to attract admiration and affection wherever he goes. As he walks through the city, he borrows money from a friend, showcasing both his self-confidence and his financial irresponsibility. This setting establishes his character's complexity and foreshadows the conflict he will face in his pursuit of love and social status. The introduction of Hilda Brauner, a working-class girl who is captivated by Feuerstein’s charm, adds a layer of romantic tension as she is drawn into his world, blurring the lines between aspiration and reality. The unfolding dynamic between Feuerstein and Hilda hints at themes of class disparity, ambition, and the pursuit of happiness amidst societal challenges.",1911,379,4.2,1749,"https://www.gutenberg.org/cache/epub/431/pg431.cover.medium.jpg",8
"The Ambassadors","","Henry James","American Literature, Novels, Americans","""The Ambassadors"" by Henry James is a novel written in the early 20th century. This work delves into themes of personal transformation and the search for meaning against the backdrop of Europe, particularly Paris, as seen through the eyes of its protagonist, Lambert Strether. He embarks on a journey that challenges his perceptions and ultimately forces him to confront his past and the choices he has made. The opening of ""The Ambassadors"" introduces us to Lambert Strether as he arrives in Chester, England, to reconnect with his friend Waymarsh. Initially relieved at having a moment of solitude, Strether reflects on the personal freedom he feels in Europe, contrasting it with his previous life in Woollett, Massachusetts. His encounter with Maria Gostrey—a woman he recognizes from a previous meeting—creates a dynamic where he feels both drawn to and apprehensive about the social interactions that await him. The narrative hints at Strether's complexity, revealing that he grapples with deeper emotions and a sense of detachment as he begins to navigate this new social landscape, all while reflecting on the nature of life and missed opportunities.",1916,563,4.4,1832,"https://www.gutenberg.org/cache/epub/432/pg432.cover.medium.jpg",3
"The Conflict","","David Graham Phillips","American Literature, Gender & Sexuality Studies, Novels","""The Conflict"" by David Graham Phillips is a novel written during the early 20th century. The story follows Jane Hastings, a young woman returning home after years of education and travels, who grapples with the societal expectations of marriage and her desire for a meaningful existence. In a world dominated by gender roles and the pressure to conform, Jane is restless, questioning her purpose beyond becoming a devoted wife. The opening of the novel sets the stage for Jane's internal struggle as she reflects on her upbringing and the societal norms that dictate women's lives. Jane encounters David Hull, who declares his love and proposes marriage, but she is repulsed by the idea, feeling that it would mean giving up her identity. As their conversation unfolds, Jane expresses disdain for societal expectations and her ambition for something greater. She is also drawn to the radical ideas of Victor Dorn, a man mentioned by Hull, representing a different, more revolutionary perspective on life and politics. This tension between traditional societal roles and the pursuit of personal fulfillment forms the crux of Jane's conflict, suggesting that her journey will involve challenging the status quo and seeking her own identity in a restrictive world.",1911,443,4.1,879,"https://www.gutenberg.org/cache/epub/433/pg433.cover.medium.jpg",8
"The Circular Staircase","","Mary Roberts Rinehart","American Literature, Crime, Thrillers And Mystery, Novels","""The Circular Staircase"" by Mary Roberts Rinehart is a mystery novel published in 1908. When Rachel Innes rents a country house for the summer with her niece and nephew, she encounters mysterious intruders, unexplained noises, and a murder at the bottom of the titular staircase. As bodies accumulate and secrets multiply, Rachel must untangle a web of hidden identities, missing money, and family betrayals. This pioneering work established the ""had I but known"" mystery formula and became Rinehart's first bestseller.",1908,380,4.3,1017,"https://www.gutenberg.org/cache/epub/434/pg434.cover.medium.jpg",5
"Miracle Mongers and Their Methods","A Complete Exposé of the Modus Operandi of Fire Eaters, Heat Resisters, Poison Eaters, Venomous Reptile Defiers, Sword Swallowers, Human Ostriches, Strong Men, Etc.","Harry Houdini","Art, History - Other, Magic Tricks","""Miracle Mongers and Their Methods"" by Harry Houdini is a detailed exposé on the techniques and tricks of various performers who claim supernatural abilities, written during the late 19th century. The work serves as a historical account of entertainers such as fire-eaters, sword swallowers, and other so-called 'miracle mongers.' Houdini's first-hand experiences and knowledge of stage illusions provide insights into the methods behind these performances and the psychology of both the performers and the audiences who are often captivated by their acts. The opening of the book introduces Houdini's perspective on wonder and illusion, emphasizing human fascination with the extraordinary. He recounts the origins of fire worship and the mystique surrounding fire-eating across different cultures, linking historical practices with contemporary performances. Houdini illustrates the ritualistic nature of these acts, such as the fire-walking ceremonies of different peoples, while foreshadowing the scientific explanations that will follow in subsequent chapters. As he lays the groundwork, readers anticipate a thorough investigation of the art of illusion, including the secrets behind the celebrated feats of daring performed by famed entertainers throughout history.",1926,348,4.7,5146,"https://www.gutenberg.org/cache/epub/435/pg435.cover.medium.jpg",5
"The Master Key","An Electrical Fairy Tale Founded Upon the Mysteries of Electricity","L. Frank Baum","American Literature, Children & Young Adult Reading, Science-Fiction & Fantasy","""The Master Key"" by L. Frank Baum is a novel published in 1901. When young electrical experimenter Rob accidentally touches the Master Key of Electricity, he summons the Daemon of Electricity, who grants him nine futuristic gifts over three weeks—including flying devices, food tablets, and protective garments. As Rob explores the world with these extraordinary powers, he faces adventures that lead him to question whether humanity is truly ready for such advanced technology.",1901,568,4.7,1674,"https://www.gutenberg.org/cache/epub/436/pg436.cover.medium.jpg",8
"The Life of Lazarillo of Tormes","His Fortunes and Misfortunes as Told by Himself","Anonymous","Classics Of Literature, Novels, Picaresque literature, Spanish","""The Life of Lazarillo of Tormes: His Fortunes and Misfortunes as Told by Himself"" is a Spanish novella published anonymously in 1554. Young Lázaro serves a succession of masters—from a cunning blind beggar to various church officials—learning survival through wit and deception in a harsh world. This groundbreaking work founded the picaresque genre, presenting society through a rogue's eyes rather than noble heroes. Its vivid portrayal of poverty and biting satire of religious hypocrisy led to its ban by the Spanish Inquisition, yet it influenced countless works from ""Tom Jones"" to ""Huckleberry Finn.""",1554,147,4.0,2121,"https://www.gutenberg.org/cache/epub/437/pg437.cover.medium.jpg",8
"Underwoods","","Robert Louis Stevenson","British Literature, Poetry","""Underwoods"" by Robert Louis Stevenson is a collection of poetry written in the late 19th century, during the Victorian era. This book primarily explores themes of nature, human emotion, and the passage of time through a blend of English and Scots dialects. The collection showcases Stevenson's lyrical style, with verses that draw from personal reflections, social observations, and lyrical explorations of beauty in everyday life. The poems within ""Underwoods"" range from inviting depictions of landscape and nature to poignant meditations on love, illness, and mortality. Stevenson addresses various subjects, including the joys and sorrows of life, the beauty of friendship, and the unexpected experiences of art and beauty. Throughout the collection, readers encounter a diverse array of poetic forms and tones, such as the contemplative piece ""Requiem,"" which expresses a serene acceptance of death, and the playful verses that celebrate the vibrancy of life and nature. The mix of English and Scots also adds a rich layer of authenticity and depth, illuminating the cultural and linguistic heritage of the author’s homeland. Overall, ""Underwoods"" serves as a testament to Stevenson's versatility and his deep affinity for the intricacies of the human experience.",1894,428,4.1,1765,"https://www.gutenberg.org/cache/epub/438/pg438.cover.medium.jpg",3
"The Vital Message","","Arthur Conan Doyle","Philosophy & Ethics, Religion/Spirituality, Spiritualism","""The Vital Message"" by Arthur Conan Doyle is a philosophical treatise written in the early 20th century. The book explores significant spiritual and religious ideas, primarily focusing on the implications of modern spiritualism and the new revelations concerning life after death. Doyle's work promotes a message of reform in Christian thought, arguing for a fresh understanding of spirituality based on personal experiences rather than institutionalized doctrines. The opening of the book sets a reflective tone, where Doyle contemplates the profound transformations that humanity faces in the wake of calamity, suggesting that these events serve as a spiritual awakening. He emphasizes the necessity for mankind to learn from its painful experiences, asserting that true progress requires a reevaluation of established religious beliefs, particularly the role of the Old Testament. This introduction paves the way for discussions on various spiritual phenomena, critiques of traditional Christianity, and an invitation for readers to consider a more enlightened path that reconciles spirituality with practical morality. Ultimately, Doyle’s insights suggest that a deeper understanding and acceptance of spiritualism can lead to a more fulfilling existence.",1930,286,4.4,931,"https://www.gutenberg.org/cache/epub/439/pg439.cover.medium.jpg",6
"Just David","","Eleanor H. Porter","Bestsellers, American, 1895-1923, American Literature, Children & Young Adult Reading","""Just David"" by Eleanor H. Porter is a children's novel published in 1916. When young David's reclusive father dies, the violin-playing boy must adapt to village life with adoptive parents, unable to even recall his own last name. Raised in mountain isolation, David knows nothing of sin or sorrow. Through his innocent nature and extraordinary musical gift, he begins to transform the hearts of those around him, healing broken relationships and restoring harmony to the community—while mysteries about his true identity slowly surface.",1916,320,4.4,3211,"https://www.gutenberg.org/cache/epub/440/pg440.cover.medium.jpg",7
"New Poems, and Variant Readings","","Robert Louis Stevenson","Bibliomania, British Literature, Poetry","""New Poems and Variant Readings"" by Robert Louis Stevenson is a collection of poetry released in the early 20th century, specifically in 1918. This compilation includes poems that reveal Stevenson's private thoughts and feelings, some of which are deeply intimate and personal. The collection showcases a range of themes, with a notable focus on love, loss, nature, and the complexities of emotions, likely drawn from Stevenson's own experiences. The opening of the collection begins with a preface by Lloyd Osbourne, who emphasizes the significance of the poems and the gratitude owed to those who helped bring them to light. Osbourne suggests these works provide profound insights into Stevenson's emotional life, notably his love poems, which possess a unique sincerity despite their varied quality. As the reader delves into the opening poems, they encounter reflections on love's trials, the beauty of nature, and personal musings that illustrate the depth of Stevenson's poetic craft, inviting readers to explore the blend of melancholy and hope woven throughout his words.",1918,143,4.1,2670,"https://www.gutenberg.org/cache/epub/441/pg441.cover.medium.jpg",9
"Love Songs","","Sara Teasdale","American Literature, Poetry, American Poetry","""Love Songs"" by Sara Teasdale is a collection of lyrical poetry published in the early 20th century, specifically during the 1910s. The book explores themes of love, longing, and the emotional intricacies of relationships, presenting a tapestry of feelings that resonate deeply with readers. Teasdale's work is characterized by its musicality and vivid imagery, showcasing her exceptional talent as a poet. The collection features a diverse array of poems, each capturing different aspects of love—joy, heartache, nostalgia, and the complexities of human connections. Through vivid imagery and heartfelt verses, Teasdale conveys her reflections on love's ephemeral nature, the ache of unfulfilled desires, and the beauty found in shared moments. Poems such as “Barter” emphasize the value of love and beauty in life, while others like “The Kiss” explore the disparity between reality and romantic expectations. Overall, ""Love Songs"" serves as both a poignant tribute and a contemplative exploration of love, making it a timeless read for anyone who has experienced its many facets.",1933,345,4.0,2712,"https://www.gutenberg.org/cache/epub/442/pg442.cover.medium.jpg",2
"The Love Affairs of a Bibliomaniac","","Eugene Field","Bibliomania, American Literature, Essays, Letters & Speeches","""The Love Affairs of a Bibliomaniac"" by Eugene Field is a collection of autobiographical essays written during the late 19th century. This work showcases Field's passion for book collecting, exploring both the joys and the quirks that come with bibliomania. The narrative is framed around the experiences of the main character, an avid book lover, who reflects on his life, the books he cherishes, and the significant moments intertwined with his literary pursuits. At the start of the book, the author introduces a humorous and introspective character steeped in nostalgia and affection for his earliest encounters with books. He recalls the charm of finding love in the pages of an old ""New England Primer"" and his literary journey through childhood. The opening portion also shares the author's affection for notable figures from his past, like Captivity Waite, and sets an overall tone of playful reverie. As he examines his relationships with various books, the character's reflections shed light on the transformative power of literature and its enduring place in one's life, blending humor with heartfelt sentiment.",1895,566,4.8,2325,"https://www.gutenberg.org/cache/epub/443/pg443.cover.medium.jpg",2
"System of Economical Contradictions","or, The Philosophy of Misery","P.-J. Proudhon","Anarchism, Economics, Philosophy & Ethics","""System of Economical Contradictions; Or, The Philosophy of Misery"" by P.-J. Proudhon is a philosophical and economic treatise likely written in the mid-19th century. This work explores the fundamental conflicts within economic systems, particularly between established theories and the emerging critiques posed by socialism, and examines the impact these contradictions have on society's moral and social framework. The opening of the treatise presents Proudhon’s hypothesis regarding the existence of God, which he accepts as a necessary starting point for his analysis of societal evolution and the sciences. He defines the relationship between economic science and broader metaphysical inquiries, asserting that understanding economics requires an acknowledgment of divine influence and social constructs. Proudhon articulates the ongoing tensions between political economy and socialism, positioning these schools of thought as competing factions striving for social order and justice, while identifying the inadequacies of current economic theories in addressing the inequalities and contradictions inherent in society. This introduction sets the stage for a deeper exploration of how economic structures shape human experience and consciousness.",1865,235,4.6,865,"https://www.gutenberg.org/cache/epub/444/pg444.cover.medium.jpg",8
"The crowd","$b A study of the popular mind","Gustave Le Bon","Psychiatry/Psychology, Sociology, Crowds","""The Crowd: A Study of the Popular Mind"" by Gustave Le Bon is a book published in 1895. Le Bon explores how individuals transform when absorbed into crowds, losing reason and judgment while gaining impulsiveness and susceptibility to manipulation. He examines crowd characteristics, leadership dynamics, and different crowd types—from criminal mobs to electoral assemblies. The work analyzes how collective psychology shapes beliefs, institutions, and social movements, arguing that crowds possess a dangerous power that challenges individual civilization and rational thought.",1895,262,4.5,3259,"https://www.gutenberg.org/cache/epub/445/pg445.cover.medium.jpg",3
"A Book of Remarkable Criminals","","H. B. Irving","Crime, Thrillers And Mystery, History - British, Crime Nonfiction","""A Book of Remarkable Criminals"" by H. B. Irving is a historical account written during the late 19th century that delves into the lives of notorious criminals. The book examines the complexities of criminal behavior, highlighting figures such as Charles Peace, Robert Butler, and others from English history, focusing on their motivations and the circumstances that led them to commit crimes. The opening of the work introduces readers to the intriguing theme of human passion's connection to crime, discussing the dual nature of individuals who embody both good and evil. Irving reflects upon the historical context and societal perceptions of crime, asserting that these notorious figures often act as mirrors to the darker aspects of humanity. He begins to profile Charles Peace, considered a quintessential figure among 19th-century criminals, whose compelling life story is set against a backdrop of personal ambition and the unfortunate consequences of his choices, hinting at deeper themes of passion, morality, and societal judgment that will likely unfold throughout the narrative.",1919,319,4.1,3025,"https://www.gutenberg.org/cache/epub/446/pg446.cover.medium.jpg",6
"Maggie","A Girl of the Streets","Stephen Crane","American Literature, Novels, New York (N.Y.)","""Maggie: A Girl of the Streets"" by Stephen Crane is a novella published in 1893. Set in New York's Bowery district, it follows young Maggie Johnson as she struggles to escape grinding poverty and her brutal, alcoholic family. When a seemingly refined bartender named Pete offers hope for a better life, Maggie pursues the relationship—only to face abandonment and condemnation from those around her. This stark work of literary realism explores determinism, hypocrisy, and the inescapable cycle of urban poverty.",1893,229,4.5,1454,"https://www.gutenberg.org/cache/epub/447/pg447.cover.medium.jpg",3
"The Psychology of Revolution","","Gustave Le Bon","History - European, History - Modern (1750+), Psychiatry/Psychology","""The Psychology of Revolution"" by Gustave Le Bon is a scientific publication written during the late 19th century. The book analyzes the psychological underpinnings of revolutions, particularly focusing on the French Revolution, and explores how beliefs, emotions, and collective behavior influence the actions and outcomes of such events. At the start of the book, Le Bon sets the stage for a deep examination of the historical and psychological elements involved in revolutionary movements. He reflects on the notion that traditional historical narratives are undergoing significant reevaluation, prompted by contemporary understandings of psychology. He theorizes that revolutions are not merely socio-political upheavals but rather phenomena driven by underlying psychological laws, often operating within collective and individual consciousness. Through this lens, he raises questions about the nature of belief, the role of the masses, and the violence that typically accompanies revolutionary movements, thus preparing the reader for a complex exploration of how revolutions fundamentally reshape societies.",1931,295,4.3,1347,"https://www.gutenberg.org/cache/epub/448/pg448.cover.medium.jpg",7
"Pathology of Lying, Accusation, and Swindling","A Study in Forensic Psychology","William Healy, Mary Tenney Healy","Law & Criminology, Psychiatry/Psychology, Psychology","""Pathology of Lying, Accusation, and Swindling: A Study in Forensic Psychology"" by William Healy and Mary Tenney Healy is a scientific publication likely written in the early 20th century. This work delves into the psychological underpinnings of pathological lying, false accusations, and swindling, offering a comprehensive analysis of these behaviors as they pertain to criminal psychology. The authors aim to illuminate the characteristics of individuals who engage in these compulsive behaviors, providing insights that are vital for understanding their implications in legal contexts. At the start of the text, the authors introduce the complex nature of pathological lying, emphasizing the need for precise definitions and a clear understanding of the behaviors associated with it. They argue against conflating pathological lying with other mental health issues, aiming to identify it as a distinct trait. The introduction outlines the various motivations behind these behaviors and their social significance, underscoring the urgency of thorough studies, including case histories, to facilitate recognition and treatment of these issues. This foundational portion sets the stage for the intricate case studies that will follow, which seek to explore the interplay between mental health and criminal behavior, particularly in young offenders.",1963,212,4.3,885,"https://www.gutenberg.org/cache/epub/449/pg449.cover.medium.jpg",7
"Susan Lenox","Her Fall and Rise","David Graham Phillips","American Literature, Novels, Actresses","""Susan Lenox: Her Fall and Rise"" by David Graham Phillips is a novel written in the early 20th century. This work delves into the complexities of social perceptions and the challenges faced by the titular character, Susan Lenox, who is born out of wedlock. The narrative reflects themes of societal standards, morality, and the often harsh realities of gender dynamics during a time when such topics were considered taboo. The opening of the novel sets a dramatic tone, introducing a poignant scene where Dr. Stevens valiantly attempts to revive a newborn baby believed to be dead. This early episode foreshadows the struggles that Susan will face throughout her life as she is a ""love-child"" born to a life filled with disgrace and social stigma following her mother’s untimely death. As the story unfolds, we are introduced to key characters, including Ruth and George Warham, who will play significant roles in Susan's life, navigating their relationships while grappling with their own insecurities and societal expectations. The narrative highlights Susan's innocence and beauty, creating a stark contrast against the judgmental world around her—setting the stage for a compelling exploration of her fall and rise within that society.",1911,273,4.3,1656,"https://www.gutenberg.org/cache/epub/450/pg450.cover.medium.jpg",6
"The Shadow Line","A Confession","Joseph Conrad","British Literature, Novels, Sea Stories","""The Shadow Line: A Confession"" by Joseph Conrad is a novella written in 1915. A young, unnamed man assumes his first command as ship captain in the Orient, crossing the threshold from youth to maturity. Told through a dual-narrative structure that contrasts the older narrator's wisdom with his younger self's inexperience, the story follows the new captain as he faces mysterious challenges aboard his vessel. Conrad explores themes of responsibility, camaraderie, and the journey toward wisdom through this introspective tale of self-discovery at sea.",1915,204,4.7,1349,"https://www.gutenberg.org/cache/epub/451/pg451.cover.medium.jpg",6
"Lavengro","The Scholar, the Gypsy, the Priest","George Borrow","Adventure, British Literature, Novels","""Lavengro: The Scholar, the Gypsy, the Priest"" by George Borrow is a work published in 1851 that blends memoir and novel. Following a protagonist named George from military barracks to London's underworld to life as a wandering tinker, the book offers vivid portraits of Romany travelers and English society's margins. Initially puzzling critics with its mixture of fact and fiction, this unconventional narrative later became a celebrated classic of nineteenth-century English literature, praised for its portrayal of eccentric characters and adventurous spirit.",1851,522,4.3,2084,"https://www.gutenberg.org/cache/epub/452/pg452.cover.medium.jpg",3
"Emma McChesney and Co.","","Edna Ferber","American Literature, Business/Management, Fashion","""Emma McChesney and Co."" by Edna Ferber is a novel written during the early 20th century. The story revolves around Emma McChesney, a strong-willed saleswoman who is navigating the competitive world of the women's fashion industry. With a keen business sense and a desire to succeed, Emma is poised to travel to South America to expand her company's reach against the rival Sans-Silk Skirt Company, led by her former colleague, Fat Ed Meyers. At the start of the narrative, we are introduced to Emma McChesney, whose dedication to her son and career sets the stage for her upcoming challenges. The opening chapter depicts her lively dialogue with her business partner, T. A. Buck, highlighting their dynamic partnership. Emma's determination to seize opportunities in South America is met with both skepticism and support from Buck, capturing the tension between their professional ambitions and personal concerns. The initial interactions not only establish Emma's character as a savvy and confident businesswoman but also hint at the unfolding drama between ambition, gender roles, and a budding romance that could complicate their professional lives.",1968,379,4.1,910,"https://www.gutenberg.org/cache/epub/453/pg453.cover.medium.jpg",4
"The Breitmann Ballads","","Charles Godfrey Leland","American Literature, Humour, Poetry","""The Breitmann Ballads"" by Charles Godfrey Leland is a collection of humorous poetry written in the mid-19th century. The work centers around the character Hans Breitmann, who represents the German-American immigrant experience, infused with a mix of comedic situations, political satire, and cultural commentary. Through a blend of broken English and German phrases, the ballads capture the essence of the character's adventures and misadventures in a foreign land, exploring themes of identity and cultural clash. At the start of ""The Breitmann Ballads,"" readers are introduced to the exuberant atmosphere of Hans Breitmann's various escapades, revealed through the lively verses of the poems. The preface by the author explains the origins of the work, detailing the inspiration behind the title character and his adventures. The opening ballads set the tone with descriptions of festive gatherings, amusing drinking songs, and anecdotes that illustrate the charm and absurdity of life as an immigrant. Hans Breitmann's engaging persona and raucous parties invite laughter while also reflecting deeper insights into the immigrant experience in America, making it clear that this collection is both entertaining and culturally significant.",1903,256,4.5,2867,"https://www.gutenberg.org/cache/epub/454/pg454.cover.medium.jpg",4
"The University of Hard Knocks","","Ralph Albert Parlette","Parenthood & Family Relations, Philosophy & Ethics, Character","""The University of Hard Knocks"" by Ralph Albert Parlette is a motivational work that combines elements of personal development and philosophical reflection, likely written in the early 20th century. This book is structured around the idea that life’s struggles and adversities serve as essential lessons in personal growth and education, emphasizing the importance of overcoming challenges in order to achieve true greatness. The opening of the book introduces the concept of the ""University of Hard Knocks,"" presenting it as the most significant school of life where ""bumps"" or challenges teach valuable lessons. Parlette emphasizes that life is an ongoing education process where learning from both needless and needful hardships enables personal development. He illustrates his points with anecdotes and reflections, sharing personal lessons learned through experiences such as his interactions with his mother and incidents from his childhood. Through this engaging and relatable approach, the reader is invited to consider how adversity can lead to self-discovery and enlightenment, setting the stage for further exploration in the chapters that follow.",1930,151,4.6,3083,"https://www.gutenberg.org/cache/epub/455/pg455.cover.medium.jpg",3
"The Door in the Wall, and Other Stories","","H. G. Wells","British Literature, Science-Fiction & Fantasy, Short Stories","""The Door in the Wall, and Other Stories"" by H. G. Wells is a collection of short stories written during the late 19th century. The opening story, ""The Door in the Wall,"" introduces Lionel Wallace, a man who recounts a fantastical memory from his childhood about a door that leads to an enchanted garden. This memory serves as the focal point of his life, symbolizing the deep longings and regrets that haunt him as he struggles with the weight of adult responsibilities. At the start of the story, a narrator listens to Wallace as he reflects on a peculiar garden he discovered as a child, filled with beauty and companionship. Wallace describes his initial encounter with the door and the vibrant world it led him to, contrasting it with the mundane realities of his life. Despite his success in adulthood, he grapples with a profound sense of loss and regret for having abandoned that fantastical realm in pursuit of a conventional life. The narrative delves into themes of memory, longing, and the sacrifices made in the name of duty, leaving readers to ponder the impact of choices and the nature of true happiness.",1946,273,4.1,1840,"https://www.gutenberg.org/cache/epub/456/pg456.cover.medium.jpg",6
"The Price She Paid","","David Graham Phillips","American Literature, Novels, Domestic Fiction","""The Price She Paid"" by David Graham Phillips is a novel written during the late 19th century. Set against the backdrop of upper-middle-class society, the story revolves around the duplicitous life of Henry Gower, whose selfishness and negligence leave his family ill-prepared for life after his unexpected death. The narrative delves into the lives of his widow and children as they grapple with financial insecurity, social expectations, and the pressures of marriage in a society that prizes wealth and status. The opening of the novel introduces the main character, Henry Gower, who appears to be a benevolent figure but is ultimately revealed to be profoundly self-serving. After his death, his family—including his widow and two children—struggle with their financial reality, which is much bleaker than they had anticipated. Gower's son, Frank, and daughter, Mildred, face their own dilemmas regarding expectations and societal pressures in Hanging Rock, a suburban community rife with ambition and materialism. The narrative foreshadows the challenges Mildred, in particular, will contend with as she contemplates her future and the prospect of marriage, navigating a world seemingly devoid of genuine connection amid the clamor for wealth and status.",1911,385,4.5,987,"https://www.gutenberg.org/cache/epub/457/pg457.cover.medium.jpg",6
"Dreams and Dust","","Don Marquis","Poetry, American Poetry","""Dreams and Dust"" by Don Marquis is a collection of poems written during the early 20th century. The work reflects on themes of existence, the human condition, and the intersection of dreams and reality, allowing readers a glimpse into the profound emotional and philosophical struggles inherent to life. Marquis's verses explore various facets of humanity, woven through his unique lyrical style that captures both the beauty and sorrow of human experience. The beginning of ""Dreams and Dust"" sets a tone of introspection and hope, with the proem establishing a willingness to embrace life despite its challenges. The early poems invite readers to celebrate each new day, suggest a deep connection to nature, and reflect on the weight of past mistakes and regrets. As characters navigate through the themes of love, loss, and aspiration, Marquis illustrates a vivid landscape of emotions, giving voice to the universal hope for renewal and understanding amidst the complexities of existence. This initial exploration hints at the rich tapestry of ideas and feelings that will unfold throughout the collection.",1937,467,4.7,2514,"https://www.gutenberg.org/cache/epub/458/pg458.cover.medium.jpg",5
"The White People","","Frances Hodgson Burnett","British Literature, Mythology, Legends & Folklore, Novels","""The White People"" by Frances Hodgson Burnett is a novel likely written during the late 19th century. The story unfolds through the eyes of Ysobel, a young girl heiress residing in the remote and enchanted Muircarrie Castle in Scotland, as she navigates her unique upbringing marked by mystery, isolation, and the presence of spectral friends from the moor. The opening of the book introduces Ysobel's unusual childhood, where she feels different from other children due to her lineage and the wild grandeur of her home. Orphaned at birth and raised by her distant relatives, Jean Braidfute and Angus Macayre, Ysobel's life is steeped in the lore of ancient Scotland. She recalls whimsical, mystical encounters—especially with a delightful girl named Wee Brown Elspeth, believed to be a ethereal being linked to her family's tumultuous history. As the narrative progresses, Ysobel's connection to the supernatural and her musings on life, death, and the mystical elements of the moor suggest a journey of self-discovery intertwined with the haunting beauty of her surroundings.",1924,121,4.6,1661,"https://www.gutenberg.org/cache/epub/459/pg459.cover.medium.jpg",8
"The Dawn of a To-morrow","","Frances Hodgson Burnett","British Literature, Novels, Children'S Literature","""The Dawn of a To-morrow"" by Frances Hodgson Burnett is a novel written during the late 19th century. The story begins with the bleak and disconcerting awakening of Antony Dart, a troubled man grappling with despair and contemplating suicide against the oppressive backdrop of a London fog. The narrative explores themes of mental anguish, societal desolation, and the possibility of redemption through human connection as Dart encounters other lost souls during his harrowing journey. At the start of the novel, the reader is introduced to Antony Dart, who is trapped in a cycle of hopelessness and confusion, plagued by sleepless nights and disillusionment. As he prepares to end his life, a series of unexpected events reflect the harsh realities of urban life. Dart’s encounter with a scrappy young girl named Glad, who represents resilience and surviving spirit, interrupts his grim intentions. Their conversation reveals a glimpse of humanity amidst hardship, as she expresses her hope and playful spirit despite her dire circumstances. The opening portion sets the stage for a transformative journey, suggesting that even in the depths of despair, connections with others can illuminate a path toward hope and renewal.",1924,212,4.5,2720,"https://www.gutenberg.org/cache/epub/460/pg460.cover.medium.jpg",7
"The Quest of the Golden Girl","A Romance","Richard Le Gallienne","British Literature, Novels, Romance","""The Quest of the Golden Girl: A Romance"" by Richard Le Gallienne is a novel written in the late 19th century. The story follows a thirty-year-old bachelor who, feeling the pangs of loneliness following the departure of his sister who has married, decides to embark on a whimsical pilgrimage to find his ideal woman, whom he refers to as the ""Golden Girl."" The narrative explores themes of love, longing, and the quest for personal fulfillment in a charming and introspective manner. The opening of the book introduces us to the protagonist's introspective musings about life and love as he reflects on his solitude in a once-happy home now bereft of joy. Following his realizations, he decides to pursue a journey, not just through the countryside but also into the depths of his own yearning for connection and romance. As he sets out, he is accompanied by whimsical thoughts about perfection in women and the memories of his first love, all while encountering picturesque landscapes that inspire his reflections. The initial chapters blend poetic observations with humor and a touch of melancholy, establishing a unique tone for the protagonist's quest.",1947,513,4.5,2390,"https://www.gutenberg.org/cache/epub/461/pg461.cover.medium.jpg",2
"The Errand Boy","or, How Phil Brent Won Success","Horatio Alger, Jr.","American Literature, Children & Young Adult Reading, Novels","""The Errand Boy; Or, How Phil Brent Won Success"" by Horatio Alger, Jr. is a novel written in the late 19th century. The story centers around Phil Brent, a young boy who faces challenges and adversities after discovering that his stepmother doesn’t consider him her son, which shakes the foundation of his identity and home life. The narrative unfolds as Phil resolves to leave his unhappy home and seek his fortune in New York City, revealing themes of resilience, ambition, and personal growth. At the start of the tale, Phil endures a painful scuffle with his stepbrother Jonas, followed by a confrontation with his stepmother, Mrs. Brent, where he learns that she does not view him as a true member of the family. This revelation prompts Phil to consider a future for himself outside of the oppressive environment he’s lived in. He decides to leave home, sells some of his possessions to save money, and embarks on a journey to New York, where he hopes to find work and establish his independence. Along the way, he encounters various characters, such as Mr. Lionel Lake and Mr. Oliver Carter, who play crucial roles in shaping his fortunes and experiences in the big city. The opening chapters set up Phil's character as determined and resourceful, as well as foreshadowing the trials and opportunities he will face in his quest for a better life.",1899,449,4.0,915,"https://www.gutenberg.org/cache/epub/462/pg462.cover.medium.jpg",4
"The Red Badge of Courage","An Episode of the American Civil War","Stephen Crane","Bestsellers, American, 1895-1923, American Literature, Classics Of Literature","""The Red Badge of Courage: An Episode of the American Civil War"" by Stephen Crane is a war novel published in 1895. The story follows Henry Fleming, a young Union Army private who flees from battle during the American Civil War. Overwhelmed by shame and cowardice, he desperately longs for a wound—a ""red badge of courage""—to redeem himself. Known for its psychological realism and distinctive style, the novel explores the inner terror of combat through vivid color imagery and unflinching honesty about fear, heroism, and human nature under fire.",1895,381,4.8,3250,"https://www.gutenberg.org/cache/epub/463/pg463.cover.medium.jpg",2
"In the South Seas","Being an Account of Experiences and Observations in the Marquesas, Paumotus and Gilbert Islands in the Course of Two Cruises on the Yacht ""Casco"" (1888) and the Schooner ""Equator"" (1889)","Robert Louis Stevenson","Archaeology & Anthropology, Travel Writing, Oceania","""In the South Seas"" by Robert Louis Stevenson is a historical account written during the late 19th century. The book details Stevenson's personal experiences and observations during his voyages through the Marquesas, the Paumotus, and the Gilbert Islands, providing a unique insight into the cultures and landscapes he encountered. The opening of the narrative sets the stage for Stevenson's journey, as he reflects on his declining health and the decision to explore the South Seas. Boarding the yacht ""Casco"", he embarks on a voyage filled with anticipation of discovery. Upon arriving at the Marquesas, he describes the stunning beauty of the islands and the excitement of encountering their inhabitants, which includes both initial trepidation and eventual camaraderie with the locals. The author further articulates his observations about the unique customs, social dynamics, and the impact of European presence on the native people, underscoring a profound sense of connection with both the land and its diverse cultures.",1888,183,4.6,1344,"https://www.gutenberg.org/cache/epub/464/pg464.cover.medium.jpg",6
"The Mountains","","Stewart Edward White","Adventure, Nature/Gardening/Animals, Travel Writing","""The Mountains"" by Stewart Edward White is a nonfiction narrative written in the early 20th century. The book chronicles the author's adventures and experiences in the California mountains, focusing on the preparation and challenges of exploration in the wilderness. The central figure in this account is the Tenderfoot, representing various inexperienced adventurers, whose journey reflects the trials and wonders of mountain exploration and appreciation of nature. At the start of the narrative, the author sets the stage for a journey through a variety of mountain landscapes and trails, emphasizing the beauty and danger found within them. The first chapter introduces a favored ascent, the Cold Spring Trail, explaining the thrilling yet risky nature of the path. The author vividly describes the emotional responses elicited when climbers reach the ridge and are awed by breathtaking views of distant mountains, which evokes a sense of wonder. As the story unfolds, the author hints at a larger expedition that involves meticulous planning, knowledge of horses, and a deep understanding of the wilderness, suggesting that adventure is not only about the landscapes encountered but also about the personal growth experienced along the way.",1946,218,4.1,2530,"https://www.gutenberg.org/cache/epub/465/pg465.cover.medium.jpg",7
"The Gaming Table","Its Votaries and Victims. Volume 1 (of 2)","Andrew Steinmetz","History - Other, Gambling","""The Gaming Table: Its Votaries and Victims. Volume 1 (of 2)"" by Andrew Steinmetz is a historical account written during the mid-19th century that explores the pervasive culture of gambling throughout history, particularly focusing on England and France. The book delves into the social ramifications and personal tragedies that arose from gambling, illustrating the vice as it affects individuals from all walks of life, including the nobility, clergy, and common citizens. The opening of the narrative introduces the theme of gaming as a universal human compulsion, illustrating its historical roots and societal implications. Steinmetz recounts dramatic instances of financial ruin and moral decay that gambling has inflicted upon individuals, setting a grim stage filled with victimized characters and duplicitous environments. He references a variety of historical examples, including those from ancient civilizations to the contemporary examples of his time, making it clear that the allure of gambling knows no bounds. The preface establishes a serious tone of reflection on the dangers of gambling, hinting at both the alluring nature of games of chance and the devastating impact they can have on individuals and society as a whole.",1877,227,4.3,3406,"https://www.gutenberg.org/cache/epub/466/pg466.cover.medium.jpg",2
"The Princess of Cleves","","Madame de La Fayette","French Literature, Historical Novels, Novels","""The Princess of Cleves"" by Madame de La Fayette is a French novel published in 1678. Set at the court of Henry II, it follows a young heiress who marries the Prince de Clèves but falls deeply in love with the Duke de Nemours. Torn between duty and passion, she confesses her forbidden feelings to her husband, triggering devastating consequences. This pioneering psychological novel explores inner emotions and moral struggle with remarkable depth, creating a timeless portrait of love, honor, and impossible choices.",1678,495,4.7,2659,"https://www.gutenberg.org/cache/epub/467/pg467.cover.medium.jpg",9
"Manon Lescaut","","abbé Prévost","Classics Of Literature, French Literature, Novels","""Manon Lescaut"" by Abbé Prévost is a novel first published in 1731. It tells the tragic love story of a young nobleman and a common woman who choose to live together unmarried, beginning a moral descent into gambling, fraud, and crime. Their passionate relationship leads them from Paris to imprisonment and ultimately to deportation in New Orleans. Narrated retrospectively by the Chevalier des Grieux, this confessional tale shocked eighteenth-century readers with its realistic depiction of society's underbelly and became one of French literature's most reprinted classics.",1731,269,4.8,25000,"https://www.gutenberg.org/cache/epub/468/pg468.cover.medium.jpg",7
"The Duchesse of Langeais","","Honoré de Balzac","French Literature, Novels, Romance","""The Duchesse of Langeais"" by Honoré de Balzac is a novel published in 1834. A decorated General becomes obsessed with a married aristocrat who delights in flirtation but denies him her affections before vanishing entirely. With help from a mysterious occult society called The Thirteen, he tracks her to a remote Spanish monastery where she has taken vows. This portrait of Parisian society explores the dangerous games played between desire and power in post-Napoleonic France.",1834,145,4.2,1939,"https://www.gutenberg.org/cache/epub/469/pg469.cover.medium.jpg",9
"Heretics","","G. K. Chesterton","Essays, Letters & Speeches, Philosophy & Ethics, Religion/Spirituality","""Heretics"" by G. K. Chesterton is a collection of essays published in 1905. In twenty provocative chapters, Chesterton challenges the leading intellectuals of his era, including George Bernard Shaw, H. G. Wells, and Friedrich Nietzsche. He critiques atheism, nihilism, Social Darwinism, and eugenics while defending orthodox Christianity. His arguments span cosmology, anthropology, and theology, taking aim at what he sees as the dangerous philosophies shaping modern thought. Together with ""Orthodoxy,"" this work forms the foundation of Chesterton's moral theology.",1905,449,4.3,2515,"https://www.gutenberg.org/cache/epub/470/pg470.cover.medium.jpg",2
"The Bride of Lammermoor","","Walter Scott","British Literature, Historical Novels, Novels","""The Bride of Lammermoor"" by Sir Walter Scott is a historical novel published in 1819. Set in the Scottish Lammermuir Hills around the time of the 1707 Act of Union, it tells the tragic story of Lucy Ashton and Edgar Ravenswood, whose families are bitter enemies. When the young lovers become engaged, Lucy's manipulative mother schemes to destroy their relationship and force Lucy into a politically advantageous marriage. Based on an actual incident, this dark tale of thwarted love inspired Donizetti's famous opera ""Lucia di Lammermoor.""",1819,534,4.7,1465,"https://www.gutenberg.org/cache/epub/471/pg471.cover.medium.jpg",9
"The House Behind the Cedars","","Charles W. Chesnutt","African American Writers, American Literature, Novels","""The House Behind the Cedars"" by Charles W. Chesnutt is a novel published in 1900. Set in the post-Civil War South, it follows Rena Walden, a young woman of mixed ancestry who leaves home to live as white alongside her brother. When she falls in love with a white aristocrat, the secret of her heritage threatens to destroy everything. The novel explores interracial relations and the complexities of racial identity in America's Reconstruction era.",1900,205,4.7,1090,"https://www.gutenberg.org/cache/epub/472/pg472.cover.medium.jpg",6
"Stories to Tell to Children","","Sara Cone Bryant","Children & Young Adult Reading, How To ..., Short Stories","""Stories to Tell to Children"" by Sara Cone Bryant is a collection of narrative tales aimed at young readers and story-tellers, likely written during the early 20th century. The work serves as a comprehensive resource for those looking to engage children through storytelling, offering a variety of classic tales and practical advice for effective narration. The opening portion of the book introduces the context of storytelling, where the author provides foundational techniques and tips for telling stories to children. It includes anecdotes that emphasize the importance of taking stories seriously, pacing, and mastering presentation to capture children's attention. Bryant also shares specific tales that are intended for storytelling, such as ""The Little Red Hen"" and ""The Gingerbread Man,"" along with playful interactions between storytellers and myths about engaging audiences, underscoring the blend of entertainment and education in the art of story-telling. This establishes a foundation in children’s literature, focusing on the joy and importance of storytelling in youth development.",1956,195,4.2,2933,"https://www.gutenberg.org/cache/epub/473/pg473.cover.medium.jpg",6
"How to Tell Stories to Children, and Some Stories to Tell","","Sara Cone Bryant","Children & Young Adult Reading, How To ..., Teaching & Education","""How to Tell Stories to Children, and Some Stories to Tell"" by Sara Cone Bryant is a guidebook on the art of storytelling intended for educators and parents, written in the late 19th century. This work explores effective storytelling techniques suited to children's educational and emotional development and offers a collection of stories that can be told in engaging ways. The author aims to highlight how storytelling can facilitate children's understanding, joy, and moral growth. At the start of the book, Bryant reflects on the powerful impact that storytelling has on both children and adults, drawing from her experiences as a lecturer. She emphasizes the difference between reading a story and telling it, stating that storytelling allows for more connection and spontaneity with the audience. Bryant sets the tone for the rest of the book by outlining the purpose of storytelling in educational settings, emphasizing that stories are meant to entertain and spark joy in children while subtly imparting valuable life lessons. She introduces the idea that good stories often contain action, familiar yet imaginative themes, and elements of repetition that appeal to young listeners.",1956,361,4.6,1801,"https://www.gutenberg.org/cache/epub/474/pg474.cover.medium.jpg",3
"In Darkest England, and the Way Out","","William Booth","History - British, Religion/Spirituality, Sociology","""In Darkest England, and the Way Out"" by William Booth is a social reform proposal published in 1890. The founder of the Salvation Army presents a bold vision to address Victorian England's poverty crisis, comparing conditions in industrialized London to ""Darkest Africa."" Booth outlines practical solutions including work colonies, training centers, and aid programs designed to provide food, shelter, and employment for the destitute. His plan combines Christian principles with social action, aiming to transform both material circumstances and spiritual lives while challenging the state to meet its obligations.",1890,180,4.4,2609,"https://www.gutenberg.org/cache/epub/475/pg475.cover.medium.jpg",3
"James Nasmyth, Engineer","An Autobiography","James Nasmyth","Biographies, Engineering & Technology, Engineers","""James Nasmyth, Engineer: An Autobiography"" by James Nasmyth is a personal memoir written during the late 19th century. This autobiography provides insight into Nasmyth's life as an engineer and inventor, showcasing his contributions to mechanical engineering and the development of machine tools, while also reflecting on his artistic family background. The opening of the autobiography presents a preface by Samuel Smiles, who discusses the impetus for Nasmyth to share his life story despite his initial reluctance, describing it as filled with “quiet” yet significant achievements. It gives a brief overview of Nasmyth's family lineage, highlighting the influence of his father, a notable artist and mechanic, and positions Nasmyth’s engineering work as a continuation of this legacy. The preface also touches upon his father’s architectural and artistic endeavors, setting the context for Nasmyth’s later innovations. In summary, the book aims to blend personal narrative with the technical aspects of Nasmyth’s career, emphasizing the importance of education and observation in the fields of engineering and art.",1890,459,4.7,3369,"https://www.gutenberg.org/cache/epub/476/pg476.cover.medium.jpg",7
"Criminal Sociology","","Enrico Ferri","Archaeology & Anthropology, Law & Criminology, Psychiatry/Psychology","""Criminal Sociology"" by Enrico Ferri is a criminological work originally published in 1884. This influential text represents the positive school of criminology, shifting focus from crime itself to the criminal as a product of physical and social environment. Ferri examines criminal anthropology, statistical patterns of criminal behavior, and proposes practical reforms for penal legislation. The work combines anthropological research with criminal statistics and law, challenging traditional theological and ethical perspectives in favor of physical and social science approaches to understanding crime causation and prevention.",1884,567,4.0,1792,"https://www.gutenberg.org/cache/epub/477/pg477.cover.medium.jpg",10
"The Cost","","David Graham Phillips","American Literature, Novels, Domestic Fiction","""The Cost"" by David Graham Phillips is a novel likely written during the late 19th century. The opening chapter introduces the main character, Pauline Gardiner, a spirited young girl who navigates the complexities of youth, friendship, and early romantic feelings against the backdrop of her relationships with her peers, particularly John Dumont and Hampden Scarborough. The narrative sets up themes of social standing, personal growth, and the clash between parental expectations and individual desires. At the start of the novel, we are presented with Pauline's world as she transitions from a sheltered childhood into adolescence, marked by her initial encounters with authority and rebellion. The narrative captures her infatuation with John, illustrating their dynamic filled with teasing and confrontation, while also hinting at the deeper emotional connections that both characters grapple with. As Pauline engages in school life and grapples with her feelings about Dumont, the reader is introduced to her surroundings, her family expectations, and the budding tension as she strives for autonomy in her choices, setting the stage for the conflicts and transformations that will follow in her journey.",1911,549,4.0,1270,"https://www.gutenberg.org/cache/epub/478/pg478.cover.medium.jpg",7
"Little Lord Fauntleroy","","Frances Hodgson Burnett","British Literature, Children & Young Adult Reading, Novels","""Little Lord Fauntleroy"" by Frances Hodgson Burnett is a children's novel published in 1886. When young Cedric Errol learns he has inherited a British title from his estranged grandfather, an earl who despises Americans, he leaves New York for England. The boy's innocent belief in his grandfather's goodness begins to transform the bitter aristocrat. But when a pretender emerges claiming Cedric's inheritance, the truth must be uncovered. A story of compassion bridging class divides and reconciling family.",1886,456,4.6,1862,"https://www.gutenberg.org/cache/epub/479/pg479.cover.medium.jpg",7
"""Undo""","A Novel","Joe Hutsko","Novels, Computer Industry, Didactic Fiction","""Undo"" by Joe Hutsko is a contemporary novel likely written in the late 20th century. It explores the intricate world of Silicon Valley, focusing on themes of ambition, corporate conflict, and personal relationships against a backdrop of fast-evolving technology. The narrative introduces key characters, such as Matthew Locke, a senior executive at Wallaby Computer, and Peter Jones, the young and visionary founder of the company, setting the stage for their tumultuous relationship as they vie for control over the increasingly competitive tech landscape. At the start of the novel, readers are drawn into Matthew Locke's conflict-filled day as he contemplates the imminent board meeting at Wallaby Computer, where he plans to confront Peter Jones about the company's troubled direction. Their relationship is marred by intense personal and professional tensions; Matthew aims to remove Peter from his position of power due to declining sales and missed product launch deadlines. As Matthew struggles with self-doubt and the weight of his planned betrayal, we are also introduced to Greta Locke, Matthew's wife, who has her own motives and opinions about the dominating Peter. Juxtaposed within this context is Peter's unwavering confidence as he prepares his own counter-proposals. The opening paints a rich tapestry of character dynamics, setting the stage for a gripping exploration of ambition, loyalty, and the dark side of corporate success.",1995,346,4.8,2770,"https://www.gutenberg.org/cache/epub/480/pg480.cover.medium.jpg",7
"In the Bishop's Carriage","","Miriam Michelson","Bestsellers, American, 1895-1923, American Literature, Humour","""In the Bishop's Carriage"" by Miriam Michelson is a novel written during the late 19th century. The story introduces us to Nancy Olden, a spirited young woman who finds herself embroiled in a series of misadventures in a city teeming with opportunity and mischief. The narrative promises a blend of humor, social commentary, and a touch of romance as Nancy navigates through her escapades. The opening of the book establishes Nancy’s character as clever, bold, and somewhat reckless, stealing a watch and donning a beautiful red coat that doesn’t belong to her while escaping from the police. As she retreats into a women’s waiting room at the train station, she observes the various women around her, revealing a mix of humor and social critique. Eventually, she slips into a luxurious carriage, mistakenly assuming it belongs to her father, only to discover it is the Bishop's. As the Bishop enters, the plot unfolds with an entertaining mix of misunderstandings and deception, hinting at a deeper exploration of Nancy’s ambition and identity throughout the novel.",1942,523,4.4,1285,"https://www.gutenberg.org/cache/epub/481/pg481.cover.medium.jpg",5
"The Woodlanders","","Thomas Hardy","British Literature, Novels, Arranged Marriage","""The Woodlanders"" by Thomas Hardy is a novel serialized from 1886 to 1887 and published in 1887. Set in the secluded woodland village of Little Hintock, it follows Giles Winterborne's attempts to marry his childhood sweetheart, Grace Melbury. When her ambitious father pushes her toward a handsome, well-born doctor instead, a web of misguided marriages, infidelities, and unrequited love unfolds. Hardy explores themes of social mobility, betrayed affections, and the consequences of forsaking true love for perceived advantage in this atmospheric Wessex tale.",1887,207,4.7,1316,"https://www.gutenberg.org/cache/epub/482/pg482.cover.medium.jpg",5
"The Conquest of Canaan","","Booth Tarkington","American Literature, Novels, City And Town Life","""The Conquest of Canaan"" by Booth Tarkington is a novel written in the early 20th century. The story appears to unfold in the fictional town of Canaan, Indiana, where a chorus of elderly men begins to debate various philosophical and social issues against the backdrop of a snow-covered landscape. Central to the narrative are the colorful characters who frequent the National House, a local watering hole, including the cynical Eskew Arp and the more reflective Roger Tabor, indicating an exploration of human nature, societal norms, and the existential musings of small-town life. The opening of the novel presents a picturesque, yet stark winter morning in Canaan, setting the stage for a lively exchange among the town's sages. The characters engage in a spirited debate on the implications of their environment and morality, with Arp's cynical views standing in contrast to Tabor’s more artistic and hopeful perspective. The arrival of Eugene Bantry, a young man returning from college, marks a shift in focus, poised to challenge the established social dynamics and potentially alter the lives of the characters. The dialogue is rich in comedic undertones and philosophical reflections, hinting at themes of social class, vanity, and the quest for personal identity, promising an engaging story that critiques both societal expectations and individual aspirations.",1946,357,4.4,1617,"https://www.gutenberg.org/cache/epub/483/pg483.cover.medium.jpg",10
"Poor and Proud","or, The Fortunes of Katy Redburn: A Story for Young Folks","Oliver Optic","American Literature, Children & Young Adult Reading, Novels","""Poor and Proud; Or, The Fortunes of Katy Redburn: A Story for Young Folks"" by Oliver Optic is a novel written during the mid-19th century, aimed at a young readership. The story centers on Katy Redburn, an eleven-year-old girl, and explores themes of poverty and pride as she faces dire circumstances while caring for her ailing mother. Through her determination and resourcefulness, Katy embarks on a quest not only to provide for her family but also to uphold her dignity in the face of hardship. The opening of the book introduces Katy and her struggles, highlighting her desperate situation as her mother lies ill and unable to work. Katy's pride prevents her from begging, and she resolves to sell candy to support them. After a tough start, she gradually gains confidence through small successes, showcasing her tenacity and kind-hearted spirit. The narrative sets the stage for her journey, filled with trials, as she learns to navigate the challenges of poverty while maintaining her principles. This introduction promises an inspiring tale of resilience that may resonate with readers who appreciate stories of young protagonists overcoming obstacles through courage and ingenuity.",1897,471,4.7,1119,"https://www.gutenberg.org/cache/epub/484/pg484.cover.medium.jpg",6
"The Road to Oz","","L. Frank Baum","Adventure, Children & Young Adult Reading, Science-Fiction & Fantasy","""The Road to Oz"" by L. Frank Baum is a children’s fantasy novel written in the early 20th century. This enchanting tale follows Dorothy Gale, her loyal dog Toto, the Shaggy Man, Button Bright, and Polychrome, the Rainbow's Daughter, as they embark on a whimsical adventure along an enchanted road that leads to the Marvelous Land of Oz. Faced with odd characters and curious challenges, the group navigates this fantastical world while discovering friendship and the importance of loyalty. At the start of ""The Road to Oz,"" Dorothy is introduced along with a new character, the Shaggy Man, whom she encounters while trying to help him find the way to Butterfield. However, their journey swiftly transforms into a marvelous adventure as Dorothy realizes she and the Shaggy Man are lost on a multitude of strange roads. They soon meet Button-Bright, a boy without memories of his origins, and Polychrome, who describes herself as the Daughter of the Rainbow, each adding their charm to the storyline. As their collective journey unfolds, they experience delightful misadventures and peculiar encounters, setting the stage for a captivating exploration of friendship and bravery amidst the enchanting backdrop of Oz.",1919,247,4.5,1627,"https://www.gutenberg.org/cache/epub/485/pg485.cover.medium.jpg",9
"Ozma of Oz","A Record of Her Adventures with Dorothy Gale of Kansas, the Yellow Hen, the Scarecrow, the Tin Woodman, Tiktok, the Cowardly Lion, and the Hungry Tiger; Besides Other Good People too Numerous to Mention Faithfully Recorded Herein","L. Frank Baum","Adventure, American Literature, Children & Young Adult Reading","""Ozma of Oz"" by L. Frank Baum is a novel published in 1907. When Dorothy is swept overboard during a sea voyage, she washes ashore in the mysterious Land of Ev with a talking hen named Billina. There she encounters mechanical men, menacing Wheelers, and a princess who collects heads. Princess Ozma arrives from Oz to rescue the royal family from the Nome King, who has transformed them into ornaments. Dorothy and her companions must outwit the cunning King to free the captives and escape his underground kingdom.",1907,211,4.4,1635,"https://www.gutenberg.org/cache/epub/486/pg486.cover.medium.jpg",10
"Songs of Travel, and Other Verses","","Robert Louis Stevenson","British Literature, Poetry, Voyages And Travels","""Songs of Travel, and Other Verses"" by Robert Louis Stevenson is a collection of poetry written during the late 19th century. This volume showcases Stevenson's lyrical exploration of themes related to travel, love, and the beauty of nature. The poems reflect his personal experiences and emotions as he wandered through different landscapes, particularly after his departure from England, capturing the essence of a wandering spirit against the backdrop of the world. The collection is structured around a variety of poetic forms and themes, with each piece revealing Stevenson's impressions of the places he visited and the people he encountered. The poems often convey a sense of longing and nostalgia, as Stevenson reflects on the transient nature of life and the deep connections formed through love and wanderlust. From the celebration of simple pleasures and the profound beauty of the natural world to the introspective musings on life's journey, ""Songs of Travel"" invites readers to embark on a poetic journey that resonates with the universal desire for freedom, discovery, and emotional expression.",1894,198,4.5,3398,"https://www.gutenberg.org/cache/epub/487/pg487.cover.medium.jpg",10
"She Stands Accused","","Victor MacClure","Crime, Thrillers And Mystery, History - Other, Criminals","""She Stands Accused"" by Victor MacClure is a historical account written in the early 20th century that delves into the lives and crimes of notorious women throughout history, focusing particularly on murderesses and other female criminals. The book aims to explore the complex nature of female criminality, shedding light on cases from various periods and examining their societal implications. Central to the narrative are female figures like Jean Livingstone, the Lady Warriston, who is introduced in the opening chapters as a beautiful yet tragic character accused of murdering her husband. The opening of the book sets the stage for an exploration of crime and the perception of women throughout history, beginning with a deep dive into the circumstances surrounding Jean Livingstone’s arrest for murdering her husband, John Kincaid. The chapter describes the gossip and clamor among the citizens of Edinburgh upon her capture, hinting at the societal fascination with crime, especially when a woman is involved. We learn that the crime was committed with premeditated intent involving another character, Robert Weir, who acted on behalf of Jean. The narrative captures the drama of her trial and execution, foreshadowing the exploration of both the historical and psychological dimensions of women who stand accused of heinous acts, establishing a tone that promises a blend of narrative engagement and critical reflection on femininity in the criminal sphere.",1963,457,4.7,2844,"https://www.gutenberg.org/cache/epub/488/pg488.cover.medium.jpg",4
"One Basket","","Edna Ferber","American Literature, Short Stories, United States","""One Basket"" by Edna Ferber is a collection of short stories written in the early 20th century. The opening stories focus on the characters and challenges faced by women in a small-town American setting, exploring themes of identity, societal expectations, and personal transformation. The narratives often revolve around the lives of female protagonists, such as Blanche Devine, who struggle to redefine themselves in environments that have predefined roles and judgments. The opening of ""One Basket"" introduces readers to the life of Blanche Devine, a woman seeking redemption in a small town after a past defined by scandal and reputation. As she attempts to assimilate into the community by buying a respectable house and adopting a more conventional lifestyle, the opposing reactions of her neighbors highlight the challenges she faces. Despite her efforts to foster a sense of belonging, she remains an outsider, demonstrating the complexities of reintegrating into society and facing the weight of public scrutiny. The narrative sets the tone for the entire collection, emphasizing the intricate lives and emotional landscapes of Ferber's characters.",1968,191,4.2,3044,"https://www.gutenberg.org/cache/epub/489/pg489.cover.medium.jpg",4
"Life and Adventures of Calamity Jane","","Calamity Jane","Adventure, Biographies, History - American","""Life and Adventures of Calamity Jane"" by Calamity Jane is a biography written in the late 19th century. The book recounts the life and experiences of one of the American West's most iconic figures, who was known for her adventurous spirit and her remarkable exploits as a scout and sharpshooter. It provides a glimpse into the trials and tribulations of pioneering life during the westward expansion era, highlighting themes of bravery, resilience, and the breaking of gender norms. In this autobiography, Calamity Jane, born Martha Cannary, narrates her colorful life story, starting from her childhood in Missouri to her adventures across the Western frontier. She shares vivid accounts of her early years, particularly during her family's arduous journey to Montana, her role as a scout for General Custer, and her interactions with notable personalities like Wild Bill Hickok. The narrative captures her daring exploits, from riding through treacherous terrains to participating in dangerous missions against Native American tribes. Through her eyes, readers experience the challenges and camaraderie of frontier life, as well as her eventual transition from a life of adventure to a more settled existence. The book serves as both a personal recounting of her life and a portrayal of the Wild West era she inhabited, making it a compelling read for those interested in American history and the role of women in it.",1903,247,4.8,2592,"https://www.gutenberg.org/cache/epub/490/pg490.cover.medium.jpg",10
"Rezanov","","Gertrude Franklin Horn Atherton","American Literature, Historical Novels, Romance","""Rezanov"" by Gertrude Franklin Horn Atherton is a historical novel written during the early 20th century. The narrative is set against the backdrop of 1806, focusing on the character of Nicolai Petrovich de Rezanov, a Russian plenipotentiary with grand ambitions amid the political intrigues of the time. The story unfolds in California, painting a vivid picture of a budding romance between Rezanov and Concha Arguello, the daughter of a Spanish commandant, as they navigate the complexities of love, duty, and the looming expansions of empires. At the start of ""Rezanov,"" we are introduced to Rezanov as he sails into San Francisco Bay, leaving behind a tumultuous past filled with diplomatic failures and hardships. He arrives in California seeking provisions for his beleaguered crew and to further his country's interests in trade. Enchanted by the landscape, he soon encounters Concha, a spirited young woman steeped in the traditions of her Spanish heritage. Their immediate chemistry ignites a passion that clashes with the societal and religious barriers they face, particularly regarding their ability to marry due to Rezanov's status as a heretic. The opening chapters skillfully weave a tapestry of historical detail and emotional depth, setting the stage for a complex interplay of love and ambition against a backdrop of geopolitical strife.",1948,265,4.8,909,"https://www.gutenberg.org/cache/epub/491/pg491.cover.medium.jpg",9
"Essays in the Art of Writing","","Robert Louis Stevenson","Essays, Letters & Speeches, Journalism/Media/Writing, Authorship","""Essays in the Art of Writing"" by Robert Louis Stevenson is a collection of essays written in the late 19th century. This work explores various facets of the writing process and the nature of literature, emphasizing the significance of style, the moral responsibilities of authors, and personal reflections on influential works. Each essay examines different elements that contribute to effective writing, with Stevenson drawing from his own experiences and the broader context of literary tradition. The opening portion of the text begins with Stevenson's deliberation on the technical elements of literary style. He suggests that exploring the mechanics of art can sometimes spoil its magic, yet he endeavours to dissect the craft of writing systematically. He underscores the importance of word choice and the structure of sentences, likening literature to an architectural endeavor where the writer must create with fixed linguistic blocks. Furthermore, Stevenson shares his perspective on the dual nature of art as both representative and autonomous, emphasising that true literary elegance involves a thoughtful blend of rhythm, style, and substantive meaning. This initial exploration showcases Stevenson's authority on the subject while inviting readers into a thoughtful examination of the art of writing.",1894,563,4.8,1478,"https://www.gutenberg.org/cache/epub/492/pg492.cover.medium.jpg",8
"Falk","A Reminiscence","Joseph Conrad","British Literature, Novels, Man-Woman Relationships","""Falk: A Reminiscence"" by Joseph Conrad is a work of short fiction completed in May 1901. In a harbor in the Malay Archipelago, a young ship captain finds himself caught between rival tensions when Falk, the owner of the port's only tugboat, suspects him of competing for a young woman's affections. When Falk finally reveals a dark secret from his past—an act of cannibalism committed for survival—the story confronts questions of morality, instinct, and what humans must do to preserve life in extreme circumstances.",1924,247,4.6,2508,"https://www.gutenberg.org/cache/epub/493/pg493.cover.medium.jpg",9
"To-morrow","","Joseph Conrad","British Literature, Novels, Man-Woman Relationships","""To-morrow"" by Joseph Conrad is a novella that was likely written in the early 20th century. This literary work explores themes of hope, delusion, and the human condition through the story of Captain Hagberd, an aging and eccentric man who believes relentlessly that his long-lost son will return home ""to-morrow."" The narrative unfolds in a small seaside town where Hagberd's obsession with waiting for his son reveals deeper insights into human relationships and the nature of reality versus illusion. The plot centers on Captain Hagberd, who has set up a life in Colebrook after searching extensively for his son, Harry, who disappeared years ago. His delusion manifests in his daily life where he prepares for his son's return with earnest zeal, sharing his dreams with the local girl Bessie Carvil, who finds herself drawn to his oddly hopeful nature despite sensing its madness. As the story progresses, we see Bessie struggle with her own longings for a life beyond her mundane existence and her oppressive father, while Harry actually returns in a rather undramatic and unlikeable fashion, shattering Hagberd's dreams. The story intertwines both the characters' dreams and the harsh realities they face, ultimately presenting a poignant commentary on the illusion of hope and the crushing weight of disappointment.",1924,433,4.6,2125,"https://www.gutenberg.org/cache/epub/494/pg494.cover.medium.jpg",2
"Amy Foster","","Joseph Conrad","British Literature, Short Stories, Man-Woman Relationships","""Amy Foster"" by Joseph Conrad is a short story written in 1901. A shipwrecked emigrant from Central Europe washes ashore in England, where terrified locals reject him as a madman because he speaks no English. Eventually given shelter, Yanko Goorall learns some English and marries Amy Foster, a servant who showed him kindness. But cultural differences haunt their relationship, and Amy remains disturbed by his foreign language and customs. When fever strikes Yanko, a tragic misunderstanding unfolds that reveals the devastating cost of isolation and failed communication.",1901,154,4.5,2461,"https://www.gutenberg.org/cache/epub/495/pg495.cover.medium.jpg",8
"The Little Lame Prince","","Dinah Maria Mulock Craik","British Literature, Children & Young Adult Reading, Novels","""The Little Lame Prince"" by Dinah Maria Mulock Craik is a children's story published in 1875. Prince Dolor, paralyzed from a childhood accident, is secretly exiled to an isolated tower in a desolate wasteland. As he grows, a fairy godmother gives him a magical traveling cloak that allows him to see the world beyond his prison—though never to touch it. Through his adventures, the prince develops wisdom and empathy that will shape his destiny and his kingdom's future.",1875,468,4.6,1674,"https://www.gutenberg.org/cache/epub/496/pg496.cover.medium.jpg",6
"Tracks of a Rolling Stone","","Henry J. Coke","Biographies, Coke, Henry J. (Henry John), 1827-1916, West (U.S.)","""Tracks of a Rolling Stone"" by Henry J. Coke is a memoir written in the early 20th century. The narrative offers a reflective account of the author's early life, characterized by vivid reminiscences of childhood experiences and connections to historical events and notable figures of his time. Through engaging storytelling, Coke explores themes of memory, childhood innocence, and the transition into adulthood while sharing anecdotes from his own life, including encounters with royalty and military figures. The opening of the memoir sets a contemplative tone as Coke muses about the fleeting nature of childhood memories and their validity. He begins by questioning the nature of our recollections and pondering the significance of early experiences. As he recounts his first memories surrounding the death of King George IV, along with humorous anecdotes from his childhood interactions at his father's estate, the vibrant details draw readers into his youth. The initial chapters present a tapestry of significant life moments, blending humor with poignant reflection, as the author transitions from innocent observations of the world to the realities of life, including education and family affiliations. The blend of light-hearted storytelling and introspective insights suggests that readers will find both entertainment and contemplation in the pages ahead.",1916,195,4.8,646,"https://www.gutenberg.org/cache/epub/497/pg497.cover.medium.jpg",8
"Rebecca of Sunnybrook Farm","","Kate Douglas Smith Wiggin","Bestsellers, American, 1895-1923, American Literature, Children & Young Adult Reading","""Rebecca of Sunnybrook Farm"" by Kate Douglas Wiggin is a children's novel published in 1903. The story follows Rebecca Rowena Randall, a spirited and imaginative young girl sent to live with her two aunts in rural Maine. While one aunt is stern and critical, the other offers protection and kindness. Rebecca's joy for life brightens those around her, but she must navigate trials and meet rigid expectations as she grows into a talented young woman with dreams of her own.",1903,356,4.3,1503,"https://www.gutenberg.org/cache/epub/498/pg498.cover.medium.jpg",10
"Tom Swift in the Land of Wonders","or, The Underground Search for the Idol of Gold","Victor Appleton","Adventure, Children & Young Adult Reading, Novels","""Tom Swift in the Land of Wonders; Or, The Underground Search for the Idol of Gold"" is Volume 20 in the Tom Swift novel series published by Grosset & Dunlap. When Professor Bumper discovers documents pointing to the lost city of Kurzon deep in Honduras—and its legendary golden idol—he invites Tom Swift along. But a rival professor threatens both the expedition and Tom's relationship with his sweetheart Mary Nestor. Driven by envy rather than adventure, Tom must race to Honduras to prevent his rival from claiming both the treasure and Mary's heart.",1995,175,4.8,1522,"https://www.gutenberg.org/cache/epub/499/pg499.cover.medium.jpg",7
"The Adventures of Pinocchio","","Carlo Collodi","Children & Young Adult Reading, Classics Of Literature, Novels","""The Adventures of Pinocchio"" by Carlo Collodi is a children's fantasy novel published in 1883. It follows the mischievous adventures of an animated marionette named Pinocchio who faces countless perils and temptations as he journeys through life. Along the way, he meets colorful characters who teach him important lessons about goodness and responsibility. Through his trials, Pinocchio must learn to overcome disobedience and laziness before he can achieve his heart's deepest desire: to become a real boy.",1883,432,4.0,23048,"https://www.gutenberg.org/cache/epub/500/pg500.cover.medium.jpg",8
